state,year,Geogra-phical Area-(Col.3),Reporting area for land utilisationstatistics (col.4+7+11+14+15)-(Col.4),Forests-(Col.5),Not available for cultivation-Area under non-agri-cultural uses-(Col.6),Not available for cultivation-Barren & uncultur-able land-(Col.7),Not available for cultivation-Total (Col.6+Col.7)-(Col8),Other uncultivated land excluding-Fallow Land-Permanent pastures & other grazing lands-(Col.9),Other uncultivated land excluding-Fallow Land-Land under misc. tree crops & groves (not incl. in net area sown)-(Col.10),Other uncultivated land excluding-Fallow Land-Culturable waste land-(Col.11),Fallow Land-Total (Col.9 to Col.11)-(Col.12),Fallow Lands-Fallow lands other than current fallows-(Col.13),Fallow Lands-Current fallows-(Col.14),Fallow Lands-Total(Col.13+Col.14)-(Col.15),Net area Sown-(Col.16),Total Cropped Area-(Col.17),Area sown more than once (col.17-Col.16)-(Col.18),Agri. Land/Culti-vable land/Cultur-able land/Arable land (Col.10+Col.11+Col.12+Col.13)-(Col.19),Cultivated land (Col.14+Col.15)-(Col.20),Un-cultivable land (Col.4-Col.18)-(Col.21),Un-cultivated land (Col.4-Col.20)-(Col.22),production
Andhra Pradesh,2004,27507,27440,6199.0,2692,2084.0,4775,676.0,277.0,701.0,1654.0,1658.0,3036.0,4693.0,10118,12366,2248.0,15789,13154,11651,14286,1214759297.0
Andhra Pradesh,2005,27507,27440,6199.0,2712,2084.0,4796,676.0,278.0,694.0,1648.0,1651.0,2819.0,4469.0,10327,12519,2191.0,15769,13146,11671,14294,910788024.0
Andhra Pradesh,2006,27507,27440,6199.0,2709,2084.0,4793,676.0,278.0,692.0,1646.0,1623.0,2434.0,4057.0,10745,13362,2617.0,15772,13179,11668,14261,1346438599.0
Andhra Pradesh,2007,27507,27505,6210.0,2683,2098.0,4781,602.0,320.0,695.0,1618.0,1583.0,3166.0,4749.0,10147,12811,2664.0,15911,13313,11593,14191,32008000.0
Andhra Pradesh,2008,27507,27505,6210.0,2725,2059.0,4784,571.0,306.0,659.0,1535.0,1500.0,2719.0,4219.0,10756,13567,2811.0,15939,13475,11565,14030,992191065.0
Andhra Pradesh,2009,27507,27505,6210.0,2742,2056.0,4797,569.0,299.0,650.0,1517.0,1488.0,2624.0,4111.0,10868,13830,2962.0,15928,13492,11576,14013,1166251699.0
Andhra Pradesh,2010,27507,27505,6210.0,2765,2043.0,4808,566.0,295.0,647.0,1508.0,1627.0,3361.0,4987.0,9991,12560,2569.0,15921,13352,11584,14152,28738873.0
Andhra Pradesh,2011,27507,27505,6230.0,2872,2026.0,4899,554.0,290.0,626.0,1471.0,1490.0,2229.0,3719.0,11186,14512,3326.0,15821,13415,11683,14089,1452099668.0
Andhra Pradesh,2012,27507,27505,6230.0,2803,2024.0,4827,553.0,289.0,614.0,1455.0,1558.0,2273.0,3831.0,11161,13759,2599.0,15894,13434,11610,14071,1701192929.0
Andhra Pradesh,2013,27507,27505,6227.0,2873,1959.0,4833,515.0,278.0,587.0,1380.0,1610.0,2337.0,3947.0,11117,13650,2533.0,15930,13454,11574,14050,1645886913.0
Andhra Pradesh,2014,16020,16020,3493.0,2095,1341.0,3436,212.0,160.0,392.0,764.0,792.0,1087.0,1879.0,6448,8128,1680.0,8879,7536,7142,8485,2132282252.0
Arunachal Pradesh,2004,8374,5648,5154.0,22,41.0,64,16.0,36.0,68.0,120.0,75.0,34.0,109.0,201,254,53.0,414,235,5234,5413,323203.0
Arunachal Pradesh,2005,8374,5651,5154.0,23,42.0,65,18.0,37.0,67.0,122.0,74.0,35.0,109.0,202,255,53.0,414,237,5237,5415,339922.0
Arunachal Pradesh,2006,8374,7279,6777.0,23,42.0,65,18.0,37.0,67.0,122.0,74.0,36.0,109.0,206,266,61.0,418,241,6861,7038,361200.0
Arunachal Pradesh,2007,8374,7283,6777.0,23,42.0,65,18.0,37.0,67.0,122.0,73.0,37.0,110.0,209,271,62.0,422,246,6861,7037,372950.0
Arunachal Pradesh,2008,8374,7241,6735.0,25,39.0,64,18.0,37.0,67.0,122.0,69.0,41.0,110.0,210,272,62.0,423,251,6818,6990,388844.0
Arunachal Pradesh,2009,8374,7241,6735.0,25,39.0,64,18.0,37.0,65.0,120.0,70.0,40.0,110.0,211,276,65.0,422,251,6818,6990,562353.6
Arunachal Pradesh,2010,8374,7242,6735.0,26,38.0,64,18.0,38.0,64.0,120.0,70.0,40.0,109.0,212,276,64.0,424,252,6818,6990,399345.0
Arunachal Pradesh,2011,8374,7242,6735.0,26,38.0,64,18.0,37.0,64.0,120.0,70.0,40.0,109.0,213,278,65.0,424,253,6818,6989,420643.0
Arunachal Pradesh,2012,8374,7255,6748.0,26,38.0,64,18.0,37.0,64.0,119.0,69.0,39.0,108.0,215,281,67.0,424,254,6831,7001,434489.0
Arunachal Pradesh,2013,8374,7255,6748.0,26,38.0,64,18.0,36.0,64.0,119.0,69.0,38.0,107.0,216,285,69.0,424,254,6831,7001,450274.0
Arunachal Pradesh,2014,8374,7239,6732.0,26,39.0,64,18.0,35.0,63.0,116.0,65.0,36.0,101.0,225,296,71.0,424,261,6815,6978,481342.0
Assam,2004,7844,7850,1954.0,1065,1447.0,2512,160.0,209.0,77.0,445.0,60.0,127.0,186.0,2753,3957,1204.0,3224,2879,4626,4971,210699056.0
Assam,2005,7844,7850,1954.0,1065,1447.0,2512,160.0,209.0,77.0,445.0,59.0,126.0,186.0,2753,3896,1143.0,3224,2879,4626,4971,6383577.0
Assam,2006,7844,7850,1954.0,1065,1447.0,2512,160.0,209.0,77.0,445.0,59.0,126.0,186.0,2753,3949,1196.0,3224,2879,4626,4971,141791862.0
Assam,2007,7844,7850,1954.0,1065,1447.0,2512,160.0,209.0,77.0,445.0,59.0,126.0,186.0,2753,3763,1010.0,3224,2879,4626,4971,153717001.0
Assam,2008,7844,7850,1853.0,1218,1408.0,2626,160.0,196.0,77.0,432.0,59.0,126.0,186.0,2753,3839,1086.0,3211,2879,4639,4971,187624086.0
Assam,2009,7844,7850,1853.0,1218,1408.0,2626,160.0,196.0,77.0,432.0,50.0,79.0,128.0,2810,3999,1188.0,3211,2889,4639,4961,194560655.0
Assam,2010,7844,7850,1853.0,1218,1408.0,2626,160.0,196.0,77.0,432.0,50.0,79.0,128.0,2811,4099,1289.0,3211,2889,4639,4961,195246435.0
Assam,2011,7844,7850,1853.0,1218,1408.0,2626,160.0,196.0,77.0,432.0,50.0,79.0,128.0,2811,4160,1349.0,3211,2889,4639,4961,13829070.0
Assam,2012,7844,7850,1853.0,1212,1408.0,2620,160.0,196.0,78.0,434.0,52.0,81.0,132.0,2811,4174,1363.0,3217,2891,4633,4959,13545793.0
Assam,2013,7844,7844,1855.0,1262,1197.0,2459,173.0,228.0,145.0,546.0,86.0,88.0,175.0,2809,4076,1267.0,3356,2897,4488,4947,15247299.0
Assam,2014,7844,7844,1853.0,1274,1192.0,2466,168.0,222.0,144.0,534.0,85.0,87.0,172.0,2820,4100,1280.0,3357,2906,4487,4938,15327493.0
Bihar,2004,9416,9360,622.0,1645,436.0,2081,18.0,238.0,46.0,302.0,130.0,513.0,643.0,5712,7882,2170.0,6640,6225,2720,3134,14635955.0
Bihar,2005,9416,9360,622.0,1646,436.0,2082,17.0,239.0,46.0,303.0,133.0,648.0,781.0,5572,7399,1827.0,6639,6220,2721,3139,16122533.0
Bihar,2006,9416,9360,622.0,1647,436.0,2083,17.0,240.0,46.0,303.0,129.0,666.0,796.0,5556,7396,1840.0,6638,6222,2722,3137,13076094.0
Bihar,2007,9416,9360,622.0,1647,436.0,2083,17.0,241.0,46.0,303.0,120.0,566.0,686.0,5665,7719,2054.0,6638,6232,2722,3128,19076582.89
Bihar,2008,9416,9360,622.0,1653,432.0,2085,16.0,241.0,46.0,303.0,119.0,569.0,688.0,5662,7765,2102.0,6637,6231,2723,3129,19691840.67
Bihar,2009,9416,9360,622.0,1670,432.0,2102,16.0,243.0,45.0,304.0,122.0,655.0,777.0,5554,7671,2117.0,6620,6209,2740,3150,14945390.0
Bihar,2010,9416,9360,622.0,1690,432.0,2121,16.0,244.0,45.0,305.0,122.0,858.0,980.0,5332,7296,1964.0,6601,6189,2759,3170,24115444.0
Bihar,2011,9416,9360,622.0,1700,432.0,2131,16.0,245.0,45.0,306.0,122.0,920.0,1042.0,5259,7194,1935.0,6591,6179,2769,3181,19817283.0
Bihar,2012,9416,9360,622.0,1703,432.0,2134,16.0,245.0,45.0,306.0,121.0,781.0,902.0,5396,7647,2251.0,6588,6177,2772,3183,31084413.0
Bihar,2013,9416,9360,622.0,1708,432.0,2140,16.0,246.0,45.0,307.0,122.0,767.0,888.0,5402,7778,2375.0,6582,6169,2777,3190,31046452.0
Bihar,2014,9416,9360,622.0,1712,432.0,2144,15.0,247.0,45.0,308.0,120.0,913.0,1034.0,5252,7580,2328.0,6578,6166,2781,3194,32032883.0
Chhattisgarh,2004,13519,13790,6300.0,696,343.0,1039,848.0,1.0,344.0,1192.0,232.0,248.0,480.0,4779,5707,928.0,5604,5027,8186,8763,5530285.0
Chhattisgarh,2005,13519,13790,6300.0,698,347.0,1045,850.0,1.0,337.0,1188.0,250.0,238.0,487.0,4770,5716,946.0,5595,5008,8194,8782,6261167.0
Chhattisgarh,2006,13519,13790,6353.0,678,314.0,992,855.0,2.0,339.0,1196.0,235.0,250.0,485.0,4764,5746,982.0,5590,5014,8200,8776,6511166.0
Chhattisgarh,2007,13519,13790,6355.0,683,313.0,996,857.0,1.0,350.0,1208.0,238.0,271.0,509.0,4722,5732,1010.0,5581,4993,8209,8797,7154194.0
Chhattisgarh,2008,13519,13790,6350.0,687,312.0,999,857.0,1.0,344.0,1201.0,258.0,255.0,513.0,4727,5748,1020.0,5585,4982,8206,8808,5785191.0
Chhattisgarh,2009,13519,13790,6349.0,696,308.0,1004,855.0,1.0,347.0,1203.0,258.0,265.0,523.0,4710,5683,973.0,5581,4975,8209,8814,5511666.0
Chhattisgarh,2010,13519,13790,6349.0,703,309.0,1012,859.0,1.0,351.0,1211.0,262.0,272.0,535.0,4683,5561,878.0,5570,4956,8220,8834,7887949.0
Chhattisgarh,2011,13519,13790,6336.0,713,306.0,1019,855.0,1.0,355.0,1211.0,275.0,253.0,528.0,4697,5671,975.0,5580,4949,8210,8840,7586617.0
Chhattisgarh,2012,13519,13790,6352.0,725,292.0,1017,863.0,1.0,352.0,1216.0,257.0,270.0,527.0,4677,5664,987.0,5557,4947,8233,8843,9210276.0
Chhattisgarh,2013,13519,13790,6352.0,734,290.0,1024,861.0,1.0,358.0,1220.0,265.0,257.0,522.0,4671,5691,1019.0,5552,4928,8238,8862,10566038.0
Chhattisgarh,2014,13519,13790,6331.0,738,289.0,1027,882.0,1.0,349.0,1232.0,254.0,260.0,514.0,4686,5698,1012.0,5550,4946,8240,8844,9516550.0
Goa,2004,370,361,125.0,37,,37,1.0,1.0,55.0,57.0,,,,141,169,27.0,197,141,164,220,123757196.0
Goa,2005,370,361,125.0,37,,37,1.0,1.0,55.0,57.0,,8.0,8.0,134,169,36.0,197,142,164,219,125578715.0
Goa,2006,370,361,125.0,37,,37,1.0,1.0,53.0,55.0,,7.0,7.0,137,170,34.0,197,144,164,217,126896627.0
Goa,2007,370,361,125.0,37,,37,1.0,1.0,53.0,55.0,,7.0,7.0,137,172,35.0,197,144,164,217,127777024.0
Goa,2008,370,361,125.0,37,,37,1.0,1.0,53.0,55.0,,10.0,10.0,134,170,35.0,197,144,164,217,189544.0
Goa,2009,370,361,125.0,37,,37,1.0,1.0,53.0,54.0,,9.0,9.0,135,166,31.0,197,144,164,217,169694.0
Goa,2010,370,361,125.0,37,,37,1.0,1.0,53.0,54.0,,12.0,12.0,132,160,29.0,197,144,164,217,180505.0
Goa,2011,370,361,125.0,37,,37,1.0,1.0,53.0,54.0,,13.0,13.0,131,160,29.0,197,144,164,217,184998.0
Goa,2012,370,361,125.0,37,,37,1.0,1.0,53.0,54.0,,12.0,12.0,132,164,32.0,197,144,164,217,185368.0
Goa,2013,370,361,125.0,37,,37,1.0,1.0,53.0,54.0,,12.0,12.0,132,163,31.0,197,144,164,217,379562.78
Goa,2014,370,361,125.0,37,,37,1.0,1.0,53.0,54.0,,15.0,15.0,129,158,29.0,197,144,164,217,383985.8
Gujarat,2004,19602,18868,1854.0,1145,2607.0,3753,850.0,4.0,1977.0,2831.0,11.0,568.0,579.0,9852,11421,1570.0,12412,10420,6457,8449,32734300.0
Gujarat,2005,19602,18868,1854.0,1147,2608.0,3754,851.0,4.0,1977.0,2831.0,12.0,670.0,682.0,9747,11257,1510.0,12410,10417,6458,8451,41536900.0
Gujarat,2006,19602,18868,1861.0,1148,2600.0,3748,851.0,4.0,1973.0,2828.0,14.0,696.0,710.0,9722,11495,1773.0,12409,10418,6459,8450,37753700.0
Gujarat,2007,19602,18866,1833.0,1163,2595.0,3758,853.0,4.0,1976.0,2832.0,19.0,623.0,642.0,9801,11807,2007.0,12422,10424,6444,8443,42792500.0
Gujarat,2008,19602,18866,1834.0,1171,2552.0,3723,851.0,4.0,1960.0,2815.0,19.0,510.0,529.0,9966,12211,2246.0,12458,10476,6408,8391,37808100.0
Gujarat,2009,19602,19069,1834.0,1171,2552.0,3723,851.0,4.0,1960.0,2815.0,16.0,379.0,395.0,10302,11651,1349.0,12661,10681,6408,8388,33315800.0
Gujarat,2010,19602,19069,1834.0,1171,2552.0,3723,851.0,4.0,1960.0,2815.0,16.0,379.0,395.0,10302,11094,793.0,12661,10681,6408,8388,44115300.0
Gujarat,2011,19602,19069,1834.0,1171,2552.0,3723,851.0,4.0,1960.0,2815.0,16.0,379.0,395.0,10302,12257,1956.0,12661,10681,6408,8388,43997200.0
Gujarat,2012,19602,19069,1834.0,1171,2552.0,3723,851.0,4.0,1960.0,2815.0,16.0,379.0,395.0,10302,13086,2784.0,12661,10681,6408,8388,20667100.0
Gujarat,2013,19602,19069,1834.0,1171,2552.0,3723,851.0,4.0,1960.0,2815.0,16.0,379.0,395.0,10302,12600,2298.0,12661,10681,6408,8388,0.0
Gujarat,2014,19602,19069,1834.0,1171,2552.0,3723,851.0,4.0,1960.0,2815.0,16.0,379.0,395.0,10302,12487,2186.0,12661,10681,6408,8388,0.0
Haryana,2004,4421,4374,45.0,432,100.0,532,25.0,6.0,36.0,67.0,4.0,192.0,196.0,3534,6388,2854.0,3771,3726,602,648,24549400.0
Haryana,2005,4421,4374,44.0,429,96.0,524,25.0,6.0,35.0,65.0,11.0,201.0,213.0,3527,6425,2898.0,3780,3728,593,645,23697900.0
Haryana,2006,4421,4372,44.0,423,95.0,518,25.0,12.0,31.0,68.0,6.0,169.0,175.0,3566,6504,2938.0,3784,3735,587,636,27415200.0
Haryana,2007,4421,4372,39.0,421,103.0,524,27.0,12.0,65.0,104.0,8.0,141.0,149.0,3556,6394,2838.0,3782,3697,590,675,26902300.0
Haryana,2008,4421,4372,40.0,457,103.0,561,26.0,12.0,28.0,66.0,8.0,104.0,112.0,3594,6458,2864.0,3746,3698,626,674,24509800.0
Haryana,2009,4421,4371,40.0,470,103.0,573,30.0,12.0,29.0,72.0,5.0,105.0,111.0,3576,6484,2908.0,3728,3681,644,691,21495890.0
Haryana,2010,4421,4371,40.0,470,104.0,574,28.0,12.0,29.0,70.0,5.0,133.0,138.0,3550,6351,2801.0,3730,3684,641,688,20218700.0
Haryana,2011,4421,4370,39.0,522,102.0,624,27.0,11.0,27.0,65.0,3.0,122.0,125.0,3518,6505,2987.0,3681,3640,690,730,22553300.0
Haryana,2012,4421,4371,39.0,500,107.0,606,28.0,9.0,27.0,64.0,21.0,128.0,149.0,3513,6489,2976.0,3698,3641,673,731,27655438.0
Haryana,2013,4421,4371,40.0,542,101.0,643,25.0,4.0,26.0,55.0,18.0,103.0,121.0,3513,6376,2863.0,3664,3616,708,755,0.0
Haryana,2014,4421,4371,39.0,537,125.0,662,26.0,7.0,18.0,51.0,22.0,101.0,123.0,3497,6471,2974.0,3645,3598,726,773,0.0
Himachal Pradesh,2004,5567,4544,1099.0,453,673.0,1126,1515.0,62.0,128.0,1706.0,17.0,56.0,73.0,541,956,415.0,804,597,3740,3948,1629179.0
Himachal Pradesh,2005,5567,4545,1101.0,458,672.0,1130,1501.0,69.0,127.0,1697.0,14.0,60.0,75.0,543,953,410.0,813,603,3732,3942,1228101.0
Himachal Pradesh,2006,5567,4545,1101.0,473,656.0,1129,1496.0,65.0,138.0,1699.0,13.0,63.0,76.0,539,944,404.0,819,602,3726,3943,1695272.0
Himachal Pradesh,2007,5567,4545,1101.0,473,658.0,1131,1491.0,66.0,137.0,1694.0,15.0,64.0,78.0,541,944,403.0,821,604,3724,3941,1606602.0
Himachal Pradesh,2008,5567,4550,1103.0,467,656.0,1123,1500.0,68.0,136.0,1704.0,18.0,60.0,78.0,542,954,412.0,824,602,3726,3947,1390553.0
Himachal Pradesh,2009,5567,4550,1103.0,468,654.0,1122,1503.0,68.0,135.0,1706.0,20.0,59.0,79.0,539,946,407.0,822,599,3728,3951,0.0
Himachal Pradesh,2010,5567,4559,1106.0,349,783.0,1132,1504.0,68.0,128.0,1700.0,22.0,60.0,82.0,538,941,402.0,817,598,3742,3961,1656895.0
Himachal Pradesh,2011,5567,4576,1126.0,353,779.0,1131,1508.0,65.0,124.0,1697.0,21.0,57.0,79.0,543,939,395.0,811,601,3764,3975,0.0
Himachal Pradesh,2012,5567,4576,1126.0,350,777.0,1127,1510.0,64.0,122.0,1696.0,22.0,54.0,76.0,550,932,382.0,812,604,3764,3971,0.0
Himachal Pradesh,2013,5567,4576,1126.0,350,777.0,1127,1510.0,64.0,122.0,1696.0,22.0,54.0,76.0,550,960,410.0,812,604,3764,3971,0.0
Himachal Pradesh,2014,5567,4576,1126.0,350,777.0,1127,1510.0,64.0,122.0,1696.0,22.0,54.0,76.0,550,943,393.0,812,604,3764,3971,0.0
Jharkhand,2004,7972,7970,2239.0,759,564.0,1323,110.0,83.0,334.0,527.0,901.0,1414.0,2315.0,1565,1750,184.0,4298,2980,3672,4990,1453559.15
Jharkhand,2005,7972,7970,2239.0,755,565.0,1319,110.0,83.0,333.0,526.0,969.0,1441.0,2410.0,1476,1637,161.0,4302,2917,3668,5053,1040474.39
Jharkhand,2006,7972,7970,2239.0,757,565.0,1321,110.0,83.0,333.0,526.0,1027.0,1451.0,2477.0,1406,1548,142.0,4299,2856,3671,5114,2088662.08
Jharkhand,2007,7972,7970,2239.0,758,564.0,1322,110.0,93.0,334.0,537.0,966.0,1402.0,2368.0,1504,1649,145.0,4299,2906,3671,5064,2039651.99
Jharkhand,2008,7972,7970,2239.0,754,564.0,1319,110.0,93.0,333.0,536.0,913.0,1428.0,2341.0,1536,1675,139.0,4302,2964,3668,5006,0.0
Jharkhand,2009,7972,7970,2239.0,764,569.0,1332,110.0,93.0,336.0,539.0,962.0,1394.0,2355.0,1504,1689,185.0,4289,2898,3681,5072,0.0
Jharkhand,2010,7972,7970,2239.0,764,569.0,1332,110.0,93.0,336.0,539.0,1045.0,1564.0,2609.0,1250,1399,149.0,4288,2814,3682,5156,218225.14
Jharkhand,2011,7972,7970,2239.0,764,569.0,1332,110.0,93.0,336.0,539.0,1045.0,1729.0,2774.0,1085,1249,164.0,4288,2814,3682,5156,0.0
Jharkhand,2012,7972,7970,2239.0,775,564.0,1339,121.0,99.0,343.0,564.0,1047.0,1532.0,2578.0,1250,1430,180.0,4271,2782,3699,5189,0.0
Jharkhand,2013,7972,7970,2239.0,710,572.0,1281,114.0,102.0,349.0,565.0,1038.0,1440.0,2478.0,1406,1657,251.0,4336,2846,3635,5124,0.0
Jharkhand,2014,7972,7970,2239.0,706,568.0,1274,114.0,98.0,353.0,565.0,1063.0,1445.0,2508.0,1384,1672,288.0,4343,2829,3627,5141,0.0
Karnataka,2004,19179,19050,3071.0,1336,788.0,2124,947.0,301.0,419.0,1668.0,487.0,1854.0,2341.0,9847,11450,1604.0,12908,11700,6142,7350,30579162.48
Karnataka,2005,19179,19050,3070.0,1340,788.0,2128,945.0,297.0,420.0,1663.0,443.0,1247.0,1689.0,10499,12807,2308.0,12906,11746,6143,7304,38318652.0
Karnataka,2006,19179,19050,3072.0,1349,788.0,2137,936.0,292.0,419.0,1647.0,452.0,1233.0,1684.0,10509,13027,2517.0,12905,11742,6145,7308,39114486.0
Karnataka,2007,19179,19050,3072.0,1363,788.0,2151,934.0,292.0,416.0,1643.0,515.0,1565.0,2080.0,10105,12438,2333.0,12894,11670,6156,7380,46373073.0
Karnataka,2008,19179,19050,3072.0,1369,788.0,2157,930.0,290.0,415.0,1635.0,505.0,1262.0,1767.0,10419,12893,2474.0,12891,11681,6159,7369,44545899.29
Karnataka,2009,19179,19050,3072.0,1375,788.0,2163,923.0,290.0,413.0,1626.0,516.0,1500.0,2016.0,10174,12368,2195.0,12892,11673,6158,7376,52794078.71
Karnataka,2010,19179,19050,3072.0,1386,788.0,2174,914.0,288.0,413.0,1615.0,484.0,1301.0,1785.0,10404,12873,2469.0,12891,11705,6159,7344,68385929.1
Karnataka,2011,19179,19050,3072.0,1430,787.0,2217,912.0,286.0,414.0,1613.0,426.0,1199.0,1626.0,10523,13062,2540.0,12849,11722,6201,7328,62930000.6
Karnataka,2012,19179,19050,3072.0,1433,787.0,2220,908.0,285.0,413.0,1607.0,539.0,1672.0,2210.0,9941,12059,2118.0,12850,11613,6200,7437,56300982.0
Karnataka,2013,19179,19050,3073.0,1436,787.0,2222,908.0,283.0,413.0,1604.0,535.0,1822.0,2358.0,9793,11748,1955.0,12846,11615,6204,7435,62458380.0
Karnataka,2014,19179,19050,3073.0,1444,787.0,2230,906.0,281.0,411.0,1598.0,525.0,1700.0,2225.0,9923,12267,2344.0,12840,11623,6210,7427,68614586.0
Kerala,2004,3886,3885,1082.0,396,29.0,425,0.0,11.0,67.0,78.0,41.0,69.0,110.0,2190,2954,765.0,2378,2259,1507,1626,6005025128.0
Kerala,2005,3886,3885,1082.0,430,29.0,459,0.0,10.0,70.0,81.0,41.0,69.0,110.0,2155,2996,841.0,2345,2224,1541,1662,6330149104.0
Kerala,2006,3886,3886,1082.0,455,26.0,481,0.0,10.0,66.0,76.0,45.0,70.0,115.0,2132,2986,853.0,2323,2203,1563,1684,6058003175.0
Kerala,2007,3886,3886,1082.0,449,26.0,475,0.0,9.0,90.0,100.0,47.0,82.0,129.0,2101,2918,816.0,2329,2183,1557,1703,5644957554.0
Kerala,2008,3886,3886,1082.0,463,26.0,488,0.0,6.0,93.0,99.0,45.0,83.0,128.0,2089,2761,672.0,2316,2172,1570,1714,5806276893.0
Kerala,2009,3886,3886,1082.0,475,25.0,500,0.0,6.0,96.0,102.0,46.0,68.0,114.0,2089,2695,606.0,2305,2157,1581,1730,5671067005.0
Kerala,2010,3886,3886,1082.0,479,22.0,501,0.0,4.0,98.0,103.0,45.0,77.0,122.0,2079,2669,590.0,2303,2156,1583,1731,5290467762.96
Kerala,2011,3886,3886,1082.0,490,20.0,510,0.0,4.0,92.0,96.0,52.0,76.0,128.0,2072,2647,576.0,2295,2148,1591,1739,5944704112.63
Kerala,2012,3886,3886,1082.0,513,18.0,531,0.0,3.0,95.0,99.0,58.0,77.0,135.0,2040,2662,622.0,2274,2117,1613,1769,5803398507.0
Kerala,2013,3886,3886,1082.0,508,16.0,525,0.0,3.0,97.0,100.0,56.0,77.0,133.0,2048,2592,544.0,2280,2125,1606,1761,5925292577.0
Kerala,2014,3886,3886,1082.0,512,14.0,526,0.0,3.0,97.0,100.0,57.0,71.0,128.0,2051,2617,566.0,2279,2122,1607,1764,5951362646.81
Madhya Pradesh,2004,30825,30756,8683.0,1925,1425.0,3350,1360.0,19.0,1177.0,2557.0,621.0,599.0,1220.0,14945,19788,4843.0,17362,15544,13394,15212,22950405.0
Madhya Pradesh,2005,30825,30756,8688.0,1924,1440.0,3364,1341.0,20.0,1175.0,2536.0,596.0,596.0,1192.0,14975,20203,5228.0,17362,15571,13394,15185,23497922.0
Madhya Pradesh,2006,30825,30756,8692.0,1946,1442.0,3389,1339.0,19.0,1161.0,2519.0,595.0,591.0,1185.0,14971,19608,4637.0,17337,15562,13419,15194,25712172.0
Madhya Pradesh,2007,30825,30756,8699.0,1992,1406.0,3397,1348.0,19.0,1177.0,2544.0,612.0,769.0,1381.0,14735,20113,5378.0,17312,15504,13444,15251,24555465.0
Madhya Pradesh,2008,30825,30756,8703.0,2012,1379.0,3392,1352.0,20.0,1170.0,2541.0,643.0,790.0,1433.0,14687,20416,5729.0,17310,15477,13446,15278,26231090.0
Madhya Pradesh,2009,30825,30756,8696.0,2050,1351.0,3401,1337.0,19.0,1160.0,2516.0,621.0,582.0,1202.0,14941,20657,5716.0,17322,15523,13434,15233,28523114.0
Madhya Pradesh,2010,30825,30756,8689.0,2091,1341.0,3432,1338.0,24.0,1147.0,2508.0,608.0,547.0,1155.0,14972,21411,6440.0,17298,15519,13458,15237,29500217.0
Madhya Pradesh,2011,30825,30756,8697.0,2089,1335.0,3424,1328.0,28.0,1088.0,2444.0,568.0,503.0,1072.0,15119,22046,6926.0,17307,15623,13449,15133,37404116.0
Madhya Pradesh,2012,30825,30756,8691.0,2119,1341.0,3460,1321.0,23.0,1066.0,2410.0,535.0,424.0,958.0,15237,22516,7280.0,17284,15660,13472,15096,45373352.0
Madhya Pradesh,2013,30825,30756,8693.0,2126,1387.0,3513,1286.0,20.0,1025.0,2331.0,493.0,375.0,867.0,15352,23130,7778.0,17264,15727,13492,15029,39477867.0
Madhya Pradesh,2014,30825,30756,8691.0,2162,1346.0,3507,1291.0,20.0,1008.0,2319.0,468.0,350.0,818.0,15422,24047,8625.0,17267,15772,13489,14985,0.0
Maharashtra,2004,30771,30758,5214.0,1390,1725.0,3115,1249.0,251.0,917.0,2418.0,1216.0,1364.0,2580.0,17432,22190,4758.0,21180,18796,9578,11962,40080500.0
Maharashtra,2005,30771,30758,5213.0,1393,1726.0,3119,1251.0,249.0,918.0,2417.0,1204.0,1316.0,2520.0,17490,22368,4878.0,21176,18806,9582,11953,52202380.0
Maharashtra,2006,30771,30758,5212.0,1407,1720.0,3127,1252.0,249.0,914.0,2415.0,1204.0,1327.0,2531.0,17473,22556,5083.0,21167,18800,9591,11958,21076628.0
Maharashtra,2007,30771,30758,5214.0,1412,1719.0,3131,1252.0,249.0,914.0,2415.0,1199.0,1325.0,2524.0,17475,22571,5096.0,21162,18800,9596,11958,1150104.2
Maharashtra,2008,30771,30758,5213.0,1428,1718.0,3146,1249.0,248.0,916.0,2413.0,1188.0,1327.0,2515.0,17473,22655,5183.0,21151,18799,9607,11959,138978733.0
Maharashtra,2009,30771,30758,5213.0,1433,1718.0,3151,1246.0,248.0,918.0,2411.0,1188.0,1372.0,2561.0,17422,22454,5032.0,21149,18795,9610,11964,84393733.0
Maharashtra,2010,30771,30758,5215.0,1443,1729.0,3172,1242.0,250.0,917.0,2409.0,1189.0,1373.0,2562.0,17401,22612,5211.0,21130,18773,9628,11985,113256039.0
Maharashtra,2011,30771,30758,5216.0,1449,1731.0,3179,1242.0,250.0,919.0,2412.0,1179.0,1366.0,2545.0,17406,23175,5769.0,21121,18772,9637,11986,113500240.0
Maharashtra,2012,30771,30758,5211.0,1451,1728.0,3179,1244.0,250.0,919.0,2413.0,1192.0,1378.0,2570.0,17386,22080,4694.0,21125,18764,9633,11994,98502840.0
Maharashtra,2013,30771,30758,5207.0,1456,1722.0,3177,1245.0,251.0,916.0,2412.0,1200.0,1418.0,2618.0,17344,21943,4599.0,21129,18762,9629,11997,112083042.0
Maharashtra,2014,30771,30758,5206.0,1460,1724.0,3184,1242.0,250.0,915.0,2407.0,1192.0,1401.0,2594.0,17368,23328,5960.0,21127,18769,9632,11989,108201500.0
Manipur,2004,2233,1994,1742.0,26,1.0,27,1.0,6.0,1.0,8.0,0.0,0.0,0.0,217,217,,224,218,1770,1777,538990.0
Manipur,2005,2233,2015,1742.0,26,1.0,27,1.0,6.0,1.0,8.0,0.0,0.0,0.0,238,238,,245,239,1770,1777,495360.0
Manipur,2006,2233,1969,1709.0,26,1.0,27,1.0,6.0,1.0,8.0,0.0,0.0,0.0,225,225,,232,225,1737,1744,525990.0
Manipur,2007,2233,1969,1709.0,26,1.0,27,1.0,6.0,1.0,8.0,0.0,0.0,0.0,225,225,,232,225,1737,1744,580670.0
Manipur,2008,2233,1999,1728.0,26,1.0,27,1.0,6.0,1.0,8.0,0.0,0.0,0.0,235,235,,242,236,1756,1763,0.0
Manipur,2009,2233,2000,1728.0,26,1.0,27,1.0,6.0,1.0,8.0,0.0,0.0,0.0,236,236,,243,237,1756,1763,0.0
Manipur,2010,2233,1997,1728.0,26,1.0,27,1.0,6.0,1.0,8.0,0.0,0.0,0.0,234,234,,240,234,1756,1763,0.0
Manipur,2011,2233,2111,1728.0,26,1.0,27,1.0,6.0,1.0,8.0,0.0,0.0,0.0,348,348,,355,348,1756,1763,0.0
Manipur,2012,2233,2128,1728.0,26,1.0,27,1.0,6.0,1.0,8.0,0.0,0.0,0.0,365,365,,372,365,1756,1763,0.0
Manipur,2013,2233,2072,1728.0,26,1.0,27,1.0,6.0,1.0,8.0,0.0,0.0,0.0,309,309,,316,309,1756,1763,0.0
Manipur,2014,2233,2111,1699.0,26,1.0,27,1.0,6.0,1.0,8.0,0.0,0.0,0.0,377,377,,384,377,1727,1734,0.0
Meghalaya,2004,2243,2227,951.0,87,128.0,215,,161.0,444.0,605.0,167.0,63.0,229.0,227,272,46.0,1061,289,1166,1938,614510.0
Meghalaya,2005,2243,2227,942.0,90,138.0,228,,157.0,452.0,609.0,166.0,63.0,230.0,219,265,46.0,1057,282,1170,1945,665450.0
Meghalaya,2006,2243,2227,942.0,90,137.0,227,,158.0,453.0,611.0,169.0,66.0,235.0,212,258,46.0,1058,278,1169,1949,689200.0
Meghalaya,2007,2243,2227,942.0,91,137.0,228,,158.0,450.0,608.0,169.0,68.0,237.0,213,246,33.0,1057,280,1170,1947,299572.0
Meghalaya,2008,2243,2227,944.0,91,136.0,227,,160.0,434.0,594.0,161.0,67.0,227.0,235,283,48.0,1056,302,1171,1925,655309.0
Meghalaya,2009,2243,2227,948.0,91,134.0,226,,160.0,393.0,553.0,157.0,59.0,215.0,284,337,53.0,1053,343,1174,1884,651552.0
Meghalaya,2010,2243,2229,946.0,98,133.0,231,,162.0,394.0,556.0,155.0,58.0,213.0,283,336,53.0,1052,341,1177,1888,689012.0
Meghalaya,2011,2243,2235,946.0,105,133.0,238,,163.0,392.0,555.0,155.0,58.0,213.0,284,338,54.0,1052,342,1184,1894,714533.0
Meghalaya,2012,2243,2241,946.0,107,132.0,239,,164.0,391.0,555.0,155.0,60.0,215.0,285,339,54.0,1056,345,1185,1896,845550.0
Meghalaya,2013,2243,2241,946.0,108,132.0,239,,164.0,391.0,555.0,155.0,60.0,215.0,285,340,54.0,1056,346,1185,1896,769676.0
Meghalaya,2014,2243,2241,946.0,108,131.0,239,,164.0,391.0,555.0,155.0,60.0,215.0,286,343,57.0,1056,346,1185,1896,852630.0
Mizoram,2004,2108,2085,1594.0,125,9.0,134,6.0,15.0,6.0,27.0,194.0,38.0,233.0,98,98,,352,136,1733,1949,134725.2
Mizoram,2005,2108,2076,1594.0,126,9.0,134,5.0,10.0,5.0,21.0,181.0,50.0,231.0,97,97,,343,147,1733,1929,196322.0
Mizoram,2006,2108,1952,1594.0,125,9.0,134,5.0,10.0,5.0,21.0,82.0,24.0,106.0,98,98,,219,121,1733,1831,74358.0
Mizoram,2007,2108,2106,1594.0,125,9.0,134,5.0,69.0,5.0,79.0,166.0,41.0,208.0,91,91,,373,133,1733,1973,21913.0
Mizoram,2008,2108,2112,1594.0,125,9.0,134,5.0,67.0,5.0,77.0,166.0,45.0,211.0,96,96,,379,141,1733,1971,100324.0
Mizoram,2009,2108,2080,1594.0,124,9.0,133,5.0,17.0,5.0,27.0,171.0,60.0,231.0,95,95,,348,155,1732,1925,103486.0
Mizoram,2010,2108,2101,1585.0,87,8.0,95,5.0,39.0,7.0,51.0,181.0,66.0,247.0,123,123,,415,189,1686,1912,0.0
Mizoram,2011,2108,2099,1585.0,87,8.0,95,5.0,37.0,7.0,49.0,182.0,67.0,249.0,121,121,,414,187,1686,1912,0.0
Mizoram,2012,2108,2075,1585.0,87,8.0,95,5.0,41.0,7.0,53.0,183.0,61.0,244.0,97,97,,389,158,1686,1916,0.0
Mizoram,2013,2108,2094,1585.0,87,8.0,95,5.0,41.0,7.0,53.0,194.0,50.0,244.0,116,116,,408,166,1686,1927,0.0
Mizoram,2014,2108,2093,1585.0,91,8.0,100,5.0,74.0,7.0,86.0,161.0,47.0,208.0,114,114,,402,161,1690,1932,0.0
Nagaland,2004,1658,1583,863.0,75,,75,,122.0,58.0,179.0,76.0,84.0,160.0,305,370,65.0,645,389,938,1193,736840.0
Nagaland,2005,1658,1584,863.0,76,,76,,121.0,57.0,178.0,75.0,82.0,157.0,309,380,71.0,645,391,939,1193,702130.0
Nagaland,2006,1658,1582,863.0,75,,75,,120.0,56.0,177.0,76.0,82.0,158.0,309,387,78.0,644,391,938,1191,789610.0
Nagaland,2007,1658,1595,863.0,75,,75,,120.0,57.0,177.0,76.0,82.0,158.0,322,406,84.0,657,405,938,1190,846060.0
Nagaland,2008,1658,1618,863.0,74,4.0,78,,111.0,64.0,175.0,87.0,100.0,186.0,316,400,84.0,677,415,940,1202,909190.0
Nagaland,2009,1658,1621,863.0,95,3.0,98,,121.0,60.0,181.0,89.0,73.0,163.0,316,402,86.0,659,389,961,1231,669070.0
Nagaland,2010,1658,1621,861.0,87,2.0,89,,107.0,43.0,150.0,101.0,59.0,160.0,361,486,126.0,671,420,950,1201,914930.0
Nagaland,2011,1658,1625,863.0,87,2.0,89,,103.0,52.0,155.0,100.0,55.0,155.0,362,452,90.0,673,417,952,1208,945490.0
Nagaland,2012,1658,1644,863.0,93,2.0,95,,92.0,67.0,159.0,98.0,49.0,147.0,379,474,95.0,686,429,958,1216,987120.0
Nagaland,2013,1658,1652,863.0,93,2.0,95,,94.0,70.0,164.0,99.0,50.0,150.0,380,489,108.0,694,430,958,1221,903930.0
Nagaland,2014,1658,1652,863.0,93,2.0,95,,94.0,70.0,163.0,100.0,50.0,150.0,380,499,119.0,693,431,958,1221,1147430.0
Odisha,2004,15571,15571,5813.0,999,843.0,1842,443.0,482.0,392.0,1317.0,434.0,370.0,804.0,5795,8637,2842.0,7473,6165,8098,9406,8902535.3
Odisha,2005,15571,15571,5813.0,999,843.0,1842,443.0,482.0,392.0,1317.0,434.0,426.0,860.0,5739,8718,2979.0,7473,6165,8098,9406,8420919.1
Odisha,2006,15571,15571,5813.0,999,843.0,1842,443.0,482.0,392.0,1317.0,434.0,474.0,908.0,5691,8928,3237.0,7473,6165,8098,9406,8592160.6
Odisha,2007,15571,15571,5813.0,1298,840.0,2138,494.0,342.0,375.0,1211.0,229.0,526.0,755.0,5654,8960,3306.0,7126,6180,8445,9391,9202501.4
Odisha,2008,15571,15571,5813.0,1298,840.0,2138,494.0,342.0,375.0,1211.0,229.0,556.0,785.0,5624,9016,3392.0,7126,6180,8445,9391,7957080.7
Odisha,2009,15571,15571,5813.0,1298,840.0,2138,494.0,342.0,375.0,1211.0,229.0,576.0,805.0,5604,9071,3467.0,7126,6180,8445,9391,7989055.5
Odisha,2010,15571,15536,5814.0,1230,1076.0,2306,518.0,218.0,487.0,1223.0,573.0,859.0,1432.0,4761,5510,749.0,6898,5620,8638,9916,8436669.3
Odisha,2011,15571,15472,5814.0,1247,1032.0,2279,513.0,220.0,520.0,1253.0,567.0,877.0,1444.0,4682,5429,747.0,6866,5559,8606,9913,7223995.9
Odisha,2012,15571,15367,5814.0,1234,1063.0,2297,508.0,200.0,536.0,1244.0,622.0,997.0,1619.0,4394,4964,571.0,6749,5391,8619,9977,11023617.5
Odisha,2013,15571,15502,5814.0,1305,1104.0,2409,536.0,198.0,551.0,1285.0,659.0,949.0,1608.0,4386,5069,682.0,6743,5335,8759,10167,9158028.0
Odisha,2014,15571,15467,5814.0,1280,1052.0,2332,524.0,216.0,575.0,1315.0,634.0,877.0,1511.0,4495,5168,673.0,6797,5372,8670,10095,11112420.8
Punjab,2004,5036,5033,308.0,429,21.0,451,4.0,4.0,9.0,17.0,0.0,16.0,16.0,4240,7907,3666.0,4270,4256,763,777,33011800.0
Punjab,2005,5036,5033,299.0,458,25.0,483,5.0,3.0,9.0,17.0,0.0,33.0,33.0,4200,7931,3731.0,4245,4232,787,800,32898700.0
Punjab,2006,5036,5033,300.0,455,25.0,480,5.0,4.0,9.0,18.0,2.0,41.0,43.0,4192,7868,3675.0,4248,4233,785,800,28059100.0
Punjab,2007,5036,5033,298.0,477,27.0,504,2.0,4.0,4.0,10.0,1.0,35.0,36.0,4184,7861,3676.0,4229,4219,804,813,29234082.0
Punjab,2008,5036,5033,287.0,483,24.0,507,3.0,3.0,3.0,10.0,1.0,41.0,42.0,4187,7870,3683.0,4236,4228,797,805,29709622.0
Punjab,2009,5036,5033,295.0,492,24.0,516,7.0,5.0,3.0,15.0,0.0,37.0,37.0,4169,7912,3743.0,4215,4207,818,826,29400668.0
Punjab,2010,5036,5033,295.0,503,25.0,528,4.0,5.0,3.0,11.0,4.0,37.0,40.0,4158,7875,3717.0,4206,4195,827,838,29752339.0
Punjab,2011,5036,5033,294.0,508,25.0,533,4.0,4.0,4.0,12.0,4.0,33.0,37.0,4158,7883,3725.0,4202,4191,830,842,36634200.0
Punjab,2012,5036,5033,293.0,447,39.0,486,4.0,7.0,63.0,74.0,0.0,45.0,45.0,4134,7905,3771.0,4250,4179,783,854,36120620.0
Punjab,2013,5036,5033,262.0,429,51.0,480,5.0,9.0,62.0,76.0,6.0,58.0,64.0,4150,7870,3720.0,4286,4208,747,824,37838100.0
Punjab,2014,5036,5033,258.0,498,52.0,550,5.0,8.0,6.0,19.0,6.0,55.0,60.0,4145,7848,3702.0,4219,4200,813,833,35254400.0
Rajasthan,2004,34224,34266,2661.0,1760,2499.0,4259,1708.0,14.0,4547.0,6269.0,2407.0,1275.0,3683.0,17394,21664,4270.0,25638,18670,8628,15596,19789829.0
Rajasthan,2005,34224,34266,2661.0,1776,2491.0,4267,1709.0,14.0,4603.0,6325.0,2162.0,2302.0,4464.0,16549,21062,4514.0,25630,18851,8636,15415,19402540.0
Rajasthan,2006,34224,34266,2675.0,1823,2439.0,4262,1708.0,21.0,4590.0,6319.0,2264.0,1910.0,4174.0,16836,21699,4863.0,25621,18746,8645,15520,22262930.0
Rajasthan,2007,34224,34265,2698.0,1835,2427.0,4262,1706.0,20.0,4611.0,6337.0,2265.0,1939.0,4204.0,16764,21534,4770.0,25600,18703,8665,15562,23203440.0
Rajasthan,2008,34224,34270,2727.0,1847,2418.0,4264,1703.0,16.0,4573.0,6292.0,2167.0,1724.0,3891.0,17096,22208,5113.0,25576,18820,8694,15450,24545931.0
Rajasthan,2009,34224,34270,2728.0,1970,2295.0,4265,1699.0,18.0,4336.0,6052.0,2108.0,1565.0,3673.0,17551,22771,5220.0,25578,19117,8692,15153,18264371.0
Rajasthan,2010,34224,34270,2735.0,1976,2292.0,4268,1697.0,17.0,4475.0,6190.0,2048.0,2055.0,4103.0,16974,21745,4770.0,25569,19030,8701,15240,33313259.0
Rajasthan,2011,34224,34270,2743.0,1889,2379.0,4268,1694.0,21.0,4233.0,5949.0,1726.0,1235.0,2962.0,18349,26002,7653.0,25565,19584,8705,14686,0.0
Rajasthan,2012,34224,34267,2747.0,1884,2387.0,4271,1694.0,21.0,4169.0,5884.0,1855.0,1477.0,3331.0,18034,24505,6471.0,25555,19511,8712,14756,0.0
Rajasthan,2013,34224,34267,2750.0,1864,2411.0,4275,1694.0,23.0,4152.0,5870.0,2024.0,1869.0,3894.0,17479,23954,6475.0,25548,19348,8719,14919,0.0
Rajasthan,2014,34224,34267,2758.0,1889,2385.0,4274,1694.0,24.0,4000.0,5718.0,1847.0,1403.0,3250.0,18268,26120,7852.0,25542,19671,8725,14597,0.0
Sikkim,2004,710,688,584.0,6,,6,,9.0,3.0,12.0,4.0,4.0,8.0,78,121,43.0,98,82,590,606,106300.0
Sikkim,2005,710,688,584.0,6,,6,,9.0,3.0,12.0,4.0,4.0,8.0,78,123,45.0,98,82,590,606,123610.0
Sikkim,2006,710,435,326.0,11,,11,,8.0,3.0,11.0,4.0,5.0,9.0,78,123,45.0,99,83,337,352,115108.0
Sikkim,2007,710,436,327.0,11,,11,,8.0,3.0,11.0,4.0,5.0,9.0,77,123,46.0,98,82,338,353,96936.0
Sikkim,2008,710,444,336.0,11,,11,,8.0,3.0,11.0,4.0,5.0,9.0,77,118,41.0,98,82,346,362,114226.0
Sikkim,2009,710,444,336.0,11,,11,,8.0,3.0,11.0,4.0,5.0,9.0,77,118,40.0,98,82,346,362,114770.0
Sikkim,2010,710,444,336.0,11,,11,,8.0,3.0,11.0,4.0,5.0,9.0,77,144,67.0,98,82,346,362,325739.0
Sikkim,2011,710,442,335.0,10,,10,,4.0,4.0,8.0,5.0,7.0,12.0,77,152,74.0,97,84,346,358,106820.0
Sikkim,2012,710,443,336.0,10,,10,,4.0,4.0,8.0,5.0,7.0,12.0,77,137,60.0,97,84,346,358,106330.0
Sikkim,2013,710,443,336.0,10,,10,,4.0,4.0,8.0,5.0,7.0,12.0,77,144,67.0,97,84,346,358,105919.0
Sikkim,2014,710,443,336.0,10,,10,,4.0,4.0,8.0,5.0,7.0,12.0,77,147,70.0,97,84,346,358,105718.0
Tamil Nadu,2004,13006,13027,2122.0,2113,509.0,2623,113.0,283.0,379.0,776.0,1863.0,954.0,2817.0,4689,5316,627.0,8168,5643,4858,7384,44567098.0
Tamil Nadu,2005,13006,13027,2122.0,2125,509.0,2634,114.0,290.0,374.0,778.0,1704.0,692.0,2396.0,5097,5889,792.0,8157,5789,4869,7238,52466934.0
Tamil Nadu,2006,13006,13027,2111.0,2139,503.0,2642,110.0,274.0,369.0,753.0,1518.0,759.0,2277.0,5244,6033,789.0,8164,6003,4863,7024,69585194.0
Tamil Nadu,2007,13006,13027,2106.0,2160,502.0,2662,110.0,268.0,354.0,733.0,1493.0,907.0,2400.0,5126,5843,717.0,8148,6033,4879,6994,58031913.0
Tamil Nadu,2008,13006,13027,2106.0,2169,492.0,2661,110.0,261.0,347.0,718.0,1499.0,981.0,2479.0,5062,5815,753.0,8149,6043,4877,6984,105123505.0
Tamil Nadu,2009,13006,13027,2106.0,2173,492.0,2665,110.0,259.0,333.0,702.0,1498.0,1013.0,2511.0,5043,5824,781.0,8146,6056,4880,6970,53639401.0
Tamil Nadu,2010,13006,13033,2127.0,2176,490.0,2666,110.0,253.0,326.0,689.0,1542.0,1117.0,2659.0,4892,5572,680.0,8131,6009,4903,7024,42629186.0
Tamil Nadu,2011,13006,13033,2125.0,2177,489.0,2666,110.0,252.0,331.0,693.0,1580.0,1015.0,2595.0,4954,5753,799.0,8132,5969,4901,7065,6260873042.0
Tamil Nadu,2012,13006,13033,2125.0,2181,489.0,2669,110.0,252.0,329.0,691.0,1594.0,967.0,2561.0,4986,5890,904.0,8129,5953,4904,7080,40341278.53
Tamil Nadu,2013,13006,13033,2125.0,2184,489.0,2672,110.0,250.0,328.0,687.0,1696.0,1308.0,3004.0,4544,5140,596.0,8126,5852,4907,7181,4719662890.0
Tamil Nadu,2014,13006,13033,2125.0,2190,488.0,2678,110.0,245.0,328.0,683.0,1718.0,1115.0,2833.0,4714,5897,1184.0,8120,5829,4913,7204,0.0
Tripura,2004,1049,1049,606.0,133,,133,,26.0,1.0,26.0,1.0,3.0,4.0,280,283,3.0,310,283,739,766,684352.0
Tripura,2005,1049,1049,606.0,134,,134,,25.0,1.0,25.0,1.0,3.0,4.0,280,281,1.0,309,283,740,766,675831.0
Tripura,2006,1049,1050,606.0,133,,133,,27.0,1.0,27.0,1.0,3.0,4.0,280,280,0.0,311,283,739,767,696516.0
Tripura,2007,1049,1049,629.0,139,,139,4.0,14.0,4.0,22.0,1.0,3.0,4.0,255,276,21.0,277,258,772,791,710187.0
Tripura,2008,1049,1051,629.0,139,,139,3.0,14.0,3.0,21.0,2.0,4.0,6.0,255,276,21.0,279,259,772,792,698919.0
Tripura,2009,1049,1049,629.0,139,,139,3.0,14.0,4.0,21.0,2.0,3.0,4.0,256,263,8.0,278,258,771,791,705929.0
Tripura,2010,1049,1049,629.0,141,,141,2.0,14.0,4.0,20.0,2.0,2.0,4.0,256,267,11.0,277,258,772,792,774385.0
Tripura,2011,1049,1049,629.0,142,,142,2.0,14.0,4.0,19.0,2.0,2.0,3.0,255,350,94.0,276,257,773,792,790439.0
Tripura,2012,1049,1049,629.0,143,,143,2.0,13.0,3.0,18.0,2.0,1.0,3.0,255,371,115.0,275,257,775,792,785921.0
Tripura,2013,1049,1049,629.0,144,,144,2.0,12.0,3.0,17.0,2.0,1.0,3.0,255,368,113.0,274,257,776,793,794580.0
Tripura,2014,1049,1049,629.0,145,,145,1.0,12.0,3.0,16.0,2.0,2.0,3.0,255,383,128.0,273,257,776,793,822366.0
Uttarakhand,2004,5348,5668,3465.0,152,311.0,463,229.0,251.0,386.0,866.0,71.0,43.0,114.0,761,1222,461.0,1511,804,4157,4865,8329141.0
Uttarakhand,2005,5348,5670,3465.0,152,312.0,464,229.0,249.0,386.0,864.0,68.0,42.0,110.0,767,1235,468.0,1512,808,4158,4862,8490010.0
Uttarakhand,2006,5348,5666,3465.0,154,313.0,467,230.0,249.0,384.0,863.0,62.0,42.0,104.0,768,1212,445.0,1504,809,4162,4856,9204957.0
Uttarakhand,2007,5348,5667,3465.0,161,312.0,472,220.0,269.0,367.0,856.0,64.0,44.0,108.0,765,1210,445.0,1509,809,4158,4858,9496947.0
Uttarakhand,2008,5348,5673,3484.0,217,224.0,441,199.0,384.0,302.0,885.0,72.0,36.0,108.0,755,1187,432.0,1549,791,4123,4882,7565782.0
Uttarakhand,2009,5348,5673,3486.0,217,224.0,441,199.0,384.0,303.0,886.0,71.0,35.0,106.0,754,1193,439.0,1547,789,4126,4884,8048930.0
Uttarakhand,2010,5348,5672,3485.0,216,225.0,441,198.0,383.0,309.0,891.0,82.0,37.0,119.0,737,1166,430.0,1548,773,4124,4899,8210120.0
Uttarakhand,2011,5348,5673,3485.0,218,225.0,442,199.0,386.0,310.0,894.0,84.0,43.0,128.0,723,1170,447.0,1547,766,4126,4906,8359927.0
Uttarakhand,2012,5348,5673,3485.0,218,225.0,443,199.0,386.0,311.0,895.0,87.0,48.0,135.0,714,1132,418.0,1546,763,4126,4910,8368762.0
Uttarakhand,2013,5348,5673,3485.0,221,228.0,449,192.0,390.0,315.0,897.0,86.0,51.0,136.0,706,1124,418.0,1547,757,4126,4916,8035719.0
Uttarakhand,2014,5348,5992,3800.0,222,228.0,450,192.0,389.0,317.0,898.0,86.0,57.0,143.0,701,1099,398.0,1550,758,4442,5234,11873861.0
Uttar Pradesh,2004,24093,24201,1686.0,2594,548.0,3143,66.0,359.0,468.0,892.0,594.0,1137.0,1731.0,16750,25425,8675.0,19307,17887,4894,6315,171209682.0
Uttar Pradesh,2005,24093,24201,1688.0,2649,530.0,3178,64.0,344.0,454.0,862.0,574.0,1217.0,1791.0,16683,25524,8841.0,19272,17900,4930,6301,175419236.0
Uttar Pradesh,2006,24093,24201,1654.0,2700,515.0,3215,65.0,376.0,439.0,879.0,550.0,1270.0,1820.0,16633,25307,8674.0,19268,17903,4933,6298,187500450.0
Uttar Pradesh,2007,24093,24170,1657.0,2729,507.0,3236,64.0,373.0,440.0,877.0,542.0,1285.0,1827.0,16573,25415,8841.0,19213,17858,4958,6312,179403646.0
Uttar Pradesh,2008,24093,24170,1658.0,2761,507.0,3268,65.0,374.0,440.0,879.0,540.0,1408.0,1948.0,16417,25320,8903.0,19179,17825,4991,6345,168238722.0
Uttar Pradesh,2009,24093,24170,1662.0,2779,499.0,3278,65.0,365.0,437.0,867.0,539.0,1263.0,1802.0,16562,25471,8909.0,19166,17825,5005,6345,175526148.0
Uttar Pradesh,2010,24093,24170,1662.0,2801,494.0,3295,65.0,360.0,431.0,856.0,537.0,1232.0,1769.0,16589,25440,8851.0,19148,17821,5022,6350,182882131.0
Uttar Pradesh,2011,24093,24170,1658.0,2835,486.0,3321,66.0,354.0,426.0,846.0,538.0,1215.0,1753.0,16593,25615,9022.0,19126,17808,5045,6363,195007190.0
Uttar Pradesh,2012,24093,24170,1656.0,2893,457.0,3350,66.0,350.0,420.0,836.0,533.0,1173.0,1705.0,16623,25939,9316.0,19099,17796,5072,6375,205230988.0
Uttar Pradesh,2013,24093,24170,1658.0,2893,479.0,3371,66.0,350.0,423.0,839.0,537.0,1201.0,1739.0,16564,25821,9257.0,19075,17765,5095,6406,207615192.0
Uttar Pradesh,2014,24093,24170,1658.0,3027,469.0,3491,65.0,325.0,410.0,801.0,539.0,1135.0,1674.0,16546,25896,9350.0,18955,17681,5215,6489,199418844.0
West Bengal,2004,8875,8688,1171.0,1609,27.0,1636,5.0,58.0,34.0,97.0,22.0,333.0,355.0,5428,9661,4234.0,5876,5761,2812,2926,33186070.1
West Bengal,2005,8875,8687,1175.0,1674,26.0,1700,5.0,59.0,36.0,99.0,25.0,314.0,339.0,5374,9523,4149.0,5808,5688,2879,2999,33619655.0
West Bengal,2006,8875,8683,1175.0,1728,25.0,1753,6.0,63.0,43.0,111.0,30.0,319.0,349.0,5295,9533,4238.0,5749,5614,2934,3069,390769181.0
West Bengal,2007,8875,8684,1174.0,1733,21.0,1754,5.0,58.0,34.0,97.0,22.0,341.0,363.0,5296,9635,4339.0,5751,5637,2933,3047,392506558.0
West Bengal,2008,8875,8684,1174.0,1762,22.0,1783,6.0,61.0,33.0,100.0,20.0,311.0,331.0,5296,9752,4456.0,5721,5607,2963,3078,31166871.0
West Bengal,2009,8875,8684,1174.0,1793,21.0,1814,7.0,55.0,32.0,94.0,22.0,287.0,309.0,5294,9802,4507.0,5689,5581,2995,3103,40735290.0
West Bengal,2010,8875,8684,1174.0,1799,22.0,1820,6.0,55.0,31.0,92.0,20.0,323.0,342.0,5256,9530,4274.0,5684,5579,3000,3106,38308645.0
West Bengal,2011,8875,8684,1174.0,1823,17.0,1840,5.0,53.0,29.0,87.0,18.0,584.0,602.0,4981,8832,3851.0,5666,5565,3018,3119,36777774.0
West Bengal,2012,8875,8684,1174.0,1794,15.0,1810,4.0,52.0,31.0,86.0,18.0,399.0,417.0,5198,9353,4155.0,5697,5597,2987,3087,38918275.0
West Bengal,2013,8875,8684,1174.0,1822,13.0,1834,3.0,50.0,24.0,76.0,15.0,379.0,395.0,5205,9459,4254.0,5673,5584,3011,3100,37901281.0
West Bengal,2014,8875,8684,1174.0,1834,11.0,1846,2.0,49.0,18.0,69.0,12.0,349.0,362.0,5234,9618,4385.0,5662,5583,3022,3101,43584403.0
Chandigarh,2004,11,7,0.0,5,,5,,0.0,,0.0,0.0,0.0,0.0,1,2,1.0,2,1,5,6,3455.0
Chandigarh,2005,11,7,0.0,5,,5,,0.0,,0.0,0.0,0.0,0.0,1,2,1.0,2,1,5,6,3485.0
Chandigarh,2006,11,7,0.0,5,,5,,0.0,,0.0,0.0,0.0,0.0,1,2,1.0,2,1,5,6,3318.0
Chandigarh,2007,11,7,0.0,5,,5,,0.0,,0.0,0.0,0.0,0.0,1,2,1.0,2,1,5,6,3295.0
Chandigarh,2008,11,7,0.0,5,,5,,0.0,,0.0,0.0,0.0,0.0,1,2,1.0,2,1,5,6,3195.0
Chandigarh,2009,11,7,0.0,5,,5,,0.0,,0.0,0.0,0.0,0.0,1,2,1.0,2,1,5,6,3095.0
Chandigarh,2010,11,7,0.0,5,,5,,0.0,,0.0,0.0,0.0,0.0,1,2,1.0,2,1,5,6,3109.0
Chandigarh,2011,11,7,0.0,5,,5,,0.0,,0.0,0.0,0.0,0.0,1,2,1.0,2,1,5,6,0.0
Chandigarh,2012,11,7,0.0,5,,5,,0.0,,0.0,0.0,0.0,0.0,1,2,1.0,2,1,5,6,0.0
Chandigarh,2013,11,7,0.0,5,,5,,0.0,,0.0,0.0,0.0,0.0,1,2,1.0,2,1,5,6,0.0
Chandigarh,2014,11,7,0.0,5,,5,,0.0,,0.0,0.0,0.0,0.0,1,2,1.0,2,1,5,6,0.0
Puducherry,2004,48,49,,17,0.0,17,,1.0,4.0,5.0,2.0,3.0,6.0,21,37,17.0,31,24,17,25,28195796.0
Puducherry,2005,48,49,,17,0.0,17,0.0,1.0,4.0,5.0,3.0,3.0,5.0,21,39,18.0,31,24,17,25,29781102.0
Puducherry,2006,48,49,,18,0.0,18,,1.0,4.0,5.0,3.0,2.0,5.0,21,36,16.0,31,23,18,26,470312.0
Puducherry,2007,48,49,,18,0.0,18,,1.0,4.0,5.0,3.0,2.0,5.0,20,36,15.0,31,23,18,26,26923533.0
Puducherry,2008,48,49,,18,0.0,18,,1.0,4.0,6.0,2.0,3.0,5.0,20,35,15.0,30,22,18,26,30956349.0
Puducherry,2009,48,49,,18,0.0,18,,1.0,4.0,6.0,2.0,3.0,5.0,19,33,14.0,30,22,18,26,31415650.0
Puducherry,2010,48,49,,18,0.0,19,,1.0,4.0,6.0,3.0,3.0,6.0,19,32,13.0,30,22,19,27,24810131.0
Puducherry,2011,48,49,,19,0.0,19,,1.0,5.0,6.0,2.0,3.0,6.0,19,31,13.0,30,22,19,27,17655295.0
Puducherry,2012,48,49,0.0,18,0.0,18,,1.0,5.0,6.0,2.0,4.0,6.0,18,27,9.0,30,22,19,27,20687659.0
Puducherry,2013,48,49,0.0,19,0.0,19,,1.0,5.0,6.0,2.0,5.0,8.0,16,26,10.0,30,21,19,27,17018964.0
Puducherry,2014,48,49,0.0,19,0.0,19,,1.0,5.0,6.0,3.0,6.0,8.0,15,25,10.0,30,21,19,27,25590342.0
