State/ UT Name (Col.1),Year-(Col.2),Geogra-phical Area-(Col.3),Reporting area for land utilisationstatistics (col.4+7+11+14+15)-(Col.4),Forests-(Col.5),Not available for cultivation-Area under non-agri-cultural uses-(Col.6),Not available for cultivation-Barren & uncultur-able land-(Col.7),Not available for cultivation-Total (Col.6+Col.7)-(Col8),Other uncultivated land excluding-Fallow Land-Permanent pastures & other grazing lands-(Col.9),Other uncultivated land excluding-Fallow Land-Land under misc. tree crops & groves (not incl. in net area sown)-(Col.10),Other uncultivated land excluding-Fallow Land-Culturable waste land-(Col.11),Fallow Land-Total (Col.9 to Col.11)-(Col.12),Fallow Lands-Fallow lands other than current fallows-(Col.13),Fallow Lands-Current fallows-(Col.14),Fallow Lands-Total(Col.13+Col.14)-(Col.15),Net area Sown-(Col.16),Total Cropped Area-(Col.17),Area sown more than once (col.17-Col.16)-(Col.18),Agri. Land/Culti-vable land/Cultur-able land/Arable land (Col.10+Col.11+Col.12+Col.13)-(Col.19),Cultivated land (Col.14+Col.15)-(Col.20),Un-cultivable land (Col.4-Col.18)-(Col.21),Un-cultivated land (Col.4-Col.20)-(Col.22)
Andhra Pradesh,2003-04,27507,27440,6199,2692,2084,4775,676,277,701,1654,1658,3036,4693,10118,12366,2248,15789,13154,11651,14286
Andhra Pradesh,2004-05,27507,27440,6199,2712,2084,4796,676,278,694,1648,1651,2819,4469,10327,12519,2191,15769,13146,11671,14294
Andhra Pradesh,2005-06,27507,27440,6199,2709,2084,4793,676,278,692,1646,1623,2434,4057,10745,13362,2617,15772,13179,11668,14261
Andhra Pradesh,2006-07,27507,27505,6210,2683,2098,4781,602,320,695,1618,1583,3166,4749,10147,12811,2664,15911,13313,11593,14191
Andhra Pradesh,2007-08,27507,27505,6210,2725,2059,4784,571,306,659,1535,1500,2719,4219,10756,13567,2811,15939,13475,11565,14030
Andhra Pradesh,2008-09,27507,27505,6210,2742,2056,4797,569,299,650,1517,1488,2624,4111,10868,13830,2962,15928,13492,11576,14013
Andhra Pradesh,2009-10,27507,27505,6210,2765,2043,4808,566,295,647,1508,1627,3361,4987,9991,12560,2569,15921,13352,11584,14152
Andhra Pradesh,2010-11,27507,27505,6230,2872,2026,4899,554,290,626,1471,1490,2229,3719,11186,14512,3326,15821,13415,11683,14089
Andhra Pradesh,2011-12,27507,27505,6230,2803,2024,4827,553,289,614,1455,1558,2273,3831,11161,13759,2599,15894,13434,11610,14071
Andhra Pradesh,2012-13,27507,27505,6227,2873,1959,4833,515,278,587,1380,1610,2337,3947,11117,13650,2533,15930,13454,11574,14050
Andhra Pradesh,2013-14,16020,16020,3493,2095,1341,3436,212,160,392,764,792,1087,1879,6448,8128,1680,8879,7536,7142,8485
Arunachal Pradesh,2003-04,8374,5648,5154,22,41,64,16,36,68,120,75,34,109,201,254,53,414,235,5234,5413
Arunachal Pradesh,2004-05,8374,5651,5154,23,42,65,18,37,67,122,74,35,109,202,255,53,414,237,5237,5415
Arunachal Pradesh,2005-06,8374,7279,6777,23,42,65,18,37,67,122,74,36,109,206,266,61,418,241,6861,7038
Arunachal Pradesh,2006-07,8374,7283,6777,23,42,65,18,37,67,122,73,37,110,209,271,62,422,246,6861,7037
Arunachal Pradesh,2007-08,8374,7241,6735,25,39,64,18,37,67,122,69,41,110,210,272,62,423,251,6818,6990
Arunachal Pradesh,2008-09,8374,7241,6735,25,39,64,18,37,65,120,70,40,110,211,276,65,422,251,6818,6990
Arunachal Pradesh,2009-10,8374,7242,6735,26,38,64,18,38,64,120,70,40,109,212,276,64,424,252,6818,6990
Arunachal Pradesh,2010-11,8374,7242,6735,26,38,64,18,37,64,120,70,40,109,213,278,65,424,253,6818,6989
Arunachal Pradesh,2011-12,8374,7255,6748,26,38,64,18,37,64,119,69,39,108,215,281,67,424,254,6831,7001
Arunachal Pradesh,2012-13,8374,7255,6748,26,38,64,18,36,64,119,69,38,107,216,285,69,424,254,6831,7001
Arunachal Pradesh,2013-14,8374,7239,6732,26,39,64,18,35,63,116,65,36,101,225,296,71,424,261,6815,6978
Assam,2003-04,7844,7850,1954,1065,1447,2512,160,209,77,445,60,127,186,2753,3957,1204,3224,2879,4626,4971
Assam,2004-05,7844,7850,1954,1065,1447,2512,160,209,77,445,59,126,186,2753,3896,1143,3224,2879,4626,4971
Assam,2005-06,7844,7850,1954,1065,1447,2512,160,209,77,445,59,126,186,2753,3949,1196,3224,2879,4626,4971
Assam,2006-07,7844,7850,1954,1065,1447,2512,160,209,77,445,59,126,186,2753,3763,1010,3224,2879,4626,4971
Assam,2007-08,7844,7850,1853,1218,1408,2626,160,196,77,432,59,126,186,2753,3839,1086,3211,2879,4639,4971
Assam,2008-09,7844,7850,1853,1218,1408,2626,160,196,77,432,50,79,128,2810,3999,1188,3211,2889,4639,4961
Assam,2009-10,7844,7850,1853,1218,1408,2626,160,196,77,432,50,79,128,2811,4099,1289,3211,2889,4639,4961
Assam,2010-11,7844,7850,1853,1218,1408,2626,160,196,77,432,50,79,128,2811,4160,1349,3211,2889,4639,4961
Assam,2011-12,7844,7850,1853,1212,1408,2620,160,196,78,434,52,81,132,2811,4174,1363,3217,2891,4633,4959
Assam,2012-13,7844,7844,1855,1262,1197,2459,173,228,145,546,86,88,175,2809,4076,1267,3356,2897,4488,4947
Assam,2013-14,7844,7844,1853,1274,1192,2466,168,222,144,534,85,87,172,2820,4100,1280,3357,2906,4487,4938
Bihar,2003-04,9416,9360,622,1645,436,2081,18,238,46,302,130,513,643,5712,7882,2170,6640,6225,2720,3134
Bihar,2004-05,9416,9360,622,1646,436,2082,17,239,46,303,133,648,781,5572,7399,1827,6639,6220,2721,3139
Bihar,2005-06,9416,9360,622,1647,436,2083,17,240,46,303,129,666,796,5556,7396,1840,6638,6222,2722,3137
Bihar,2006-07,9416,9360,622,1647,436,2083,17,241,46,303,120,566,686,5665,7719,2054,6638,6232,2722,3128
Bihar,2007-08,9416,9360,622,1653,432,2085,16,241,46,303,119,569,688,5662,7765,2102,6637,6231,2723,3129
Bihar,2008-09,9416,9360,622,1670,432,2102,16,243,45,304,122,655,777,5554,7671,2117,6620,6209,2740,3150
Bihar,2009-10,9416,9360,622,1690,432,2121,16,244,45,305,122,858,980,5332,7296,1964,6601,6189,2759,3170
Bihar,2010-11,9416,9360,622,1700,432,2131,16,245,45,306,122,920,1042,5259,7194,1935,6591,6179,2769,3181
Bihar,2011-12,9416,9360,622,1703,432,2134,16,245,45,306,121,781,902,5396,7647,2251,6588,6177,2772,3183
Bihar,2012-13,9416,9360,622,1708,432,2140,16,246,45,307,122,767,888,5402,7778,2375,6582,6169,2777,3190
Bihar,2013-14,9416,9360,622,1712,432,2144,15,247,45,308,120,913,1034,5252,7580,2328,6578,6166,2781,3194
Chhattisgarh,2003-04,13519,13790,6300,696,343,1039,848,1,344,1192,232,248,480,4779,5707,928,5604,5027,8186,8763
Chhattisgarh,2004-05,13519,13790,6300,698,347,1045,850,1,337,1188,250,238,487,4770,5716,946,5595,5008,8194,8782
Chhattisgarh,2005-06,13519,13790,6353,678,314,992,855,2,339,1196,235,250,485,4764,5746,982,5590,5014,8200,8776
Chhattisgarh,2006-07,13519,13790,6355,683,313,996,857,1,350,1208,238,271,509,4722,5732,1010,5581,4993,8209,8797
Chhattisgarh,2007-08,13519,13790,6350,687,312,999,857,1,344,1201,258,255,513,4727,5748,1020,5585,4982,8206,8808
Chhattisgarh,2008-09,13519,13790,6349,696,308,1004,855,1,347,1203,258,265,523,4710,5683,973,5581,4975,8209,8814
Chhattisgarh,2009-10,13519,13790,6349,703,309,1012,859,1,351,1211,262,272,535,4683,5561,878,5570,4956,8220,8834
Chhattisgarh,2010-11,13519,13790,6336,713,306,1019,855,1,355,1211,275,253,528,4697,5671,975,5580,4949,8210,8840
Chhattisgarh,2011-12,13519,13790,6352,725,292,1017,863,1,352,1216,257,270,527,4677,5664,987,5557,4947,8233,8843
Chhattisgarh,2012-13,13519,13790,6352,734,290,1024,861,1,358,1220,265,257,522,4671,5691,1019,5552,4928,8238,8862
Chhattisgarh,2013-14,13519,13790,6331,738,289,1027,882,1,349,1232,254,260,514,4686,5698,1012,5550,4946,8240,8844
Goa,2003-04,370,361,125,37,NA,37,1,1,55,57,NA,NA,NA,141,169,27,197,141,164,220
Goa,2004-05,370,361,125,37,NA,37,1,1,55,57,NA,8,8,134,169,36,197,142,164,219
Goa,2005-06,370,361,125,37,NA,37,1,1,53,55,NA,7,7,137,170,34,197,144,164,217
Goa,2006-07,370,361,125,37,NA,37,1,1,53,55,NA,7,7,137,172,35,197,144,164,217
Goa,2007-08,370,361,125,37,NA,37,1,1,53,55,NA,10,10,134,170,35,197,144,164,217
Goa,2008-09,370,361,125,37,NA,37,1,1,53,54,NA,9,9,135,166,31,197,144,164,217
Goa,2009-10,370,361,125,37,NA,37,1,1,53,54,NA,12,12,132,160,29,197,144,164,217
Goa,2010-11,370,361,125,37,NA,37,1,1,53,54,NA,13,13,131,160,29,197,144,164,217
Goa,2011-12,370,361,125,37,NA,37,1,1,53,54,NA,12,12,132,164,32,197,144,164,217
Goa,2012-13,370,361,125,37,NA,37,1,1,53,54,NA,12,12,132,163,31,197,144,164,217
Goa,2013-14,370,361,125,37,NA,37,1,1,53,54,NA,15,15,129,158,29,197,144,164,217
Gujarat,2003-04,19602,18868,1854,1145,2607,3753,850,4,1977,2831,11,568,579,9852,11421,1570,12412,10420,6457,8449
Gujarat,2004-05,19602,18868,1854,1147,2608,3754,851,4,1977,2831,12,670,682,9747,11257,1510,12410,10417,6458,8451
Gujarat,2005-06,19602,18868,1861,1148,2600,3748,851,4,1973,2828,14,696,710,9722,11495,1773,12409,10418,6459,8450
Gujarat,2006-07,19602,18866,1833,1163,2595,3758,853,4,1976,2832,19,623,642,9801,11807,2007,12422,10424,6444,8443
Gujarat,2007-08,19602,18866,1834,1171,2552,3723,851,4,1960,2815,19,510,529,9966,12211,2246,12458,10476,6408,8391
Gujarat,2008-09,19602,19069,1834,1171,2552,3723,851,4,1960,2815,16,379,395,10302,11651,1349,12661,10681,6408,8388
Gujarat,2009-10,19602,19069,1834,1171,2552,3723,851,4,1960,2815,16,379,395,10302,11094,793,12661,10681,6408,8388
Gujarat,2010-11,19602,19069,1834,1171,2552,3723,851,4,1960,2815,16,379,395,10302,12257,1956,12661,10681,6408,8388
Gujarat,2011-12,19602,19069,1834,1171,2552,3723,851,4,1960,2815,16,379,395,10302,13086,2784,12661,10681,6408,8388
Gujarat,2012-13,19602,19069,1834,1171,2552,3723,851,4,1960,2815,16,379,395,10302,12600,2298,12661,10681,6408,8388
Gujarat,2013-14,19602,19069,1834,1171,2552,3723,851,4,1960,2815,16,379,395,10302,12487,2186,12661,10681,6408,8388
Haryana,2003-04,4421,4374,45,432,100,532,25,6,36,67,4,192,196,3534,6388,2854,3771,3726,602,648
Haryana,2004-05,4421,4374,44,429,96,524,25,6,35,65,11,201,213,3527,6425,2898,3780,3728,593,645
Haryana,2005-06,4421,4372,44,423,95,518,25,12,31,68,6,169,175,3566,6504,2938,3784,3735,587,636
Haryana,2006-07,4421,4372,39,421,103,524,27,12,65,104,8,141,149,3556,6394,2838,3782,3697,590,675
Haryana,2007-08,4421,4372,40,457,103,561,26,12,28,66,8,104,112,3594,6458,2864,3746,3698,626,674
Haryana,2008-09,4421,4371,40,470,103,573,30,12,29,72,5,105,111,3576,6484,2908,3728,3681,644,691
Haryana,2009-10,4421,4371,40,470,104,574,28,12,29,70,5,133,138,3550,6351,2801,3730,3684,641,688
Haryana,2010-11,4421,4370,39,522,102,624,27,11,27,65,3,122,125,3518,6505,2987,3681,3640,690,730
Haryana,2011-12,4421,4371,39,500,107,606,28,9,27,64,21,128,149,3513,6489,2976,3698,3641,673,731
Haryana,2012-13,4421,4371,40,542,101,643,25,4,26,55,18,103,121,3513,6376,2863,3664,3616,708,755
Haryana,2013-14,4421,4371,39,537,125,662,26,7,18,51,22,101,123,3497,6471,2974,3645,3598,726,773
Himachal Pradesh,2003-04,5567,4544,1099,453,673,1126,1515,62,128,1706,17,56,73,541,956,415,804,597,3740,3948
Himachal Pradesh,2004-05,5567,4545,1101,458,672,1130,1501,69,127,1697,14,60,75,543,953,410,813,603,3732,3942
Himachal Pradesh,2005-06,5567,4545,1101,473,656,1129,1496,65,138,1699,13,63,76,539,944,404,819,602,3726,3943
Himachal Pradesh,2006-07,5567,4545,1101,473,658,1131,1491,66,137,1694,15,64,78,541,944,403,821,604,3724,3941
Himachal Pradesh,2007-08,5567,4550,1103,467,656,1123,1500,68,136,1704,18,60,78,542,954,412,824,602,3726,3947
Himachal Pradesh,2008-09,5567,4550,1103,468,654,1122,1503,68,135,1706,20,59,79,539,946,407,822,599,3728,3951
Himachal Pradesh,2009-10,5567,4559,1106,349,783,1132,1504,68,128,1700,22,60,82,538,941,402,817,598,3742,3961
Himachal Pradesh,2010-11,5567,4576,1126,353,779,1131,1508,65,124,1697,21,57,79,543,939,395,811,601,3764,3975
Himachal Pradesh,2011-12,5567,4576,1126,350,777,1127,1510,64,122,1696,22,54,76,550,932,382,812,604,3764,3971
Himachal Pradesh,2012-13,5567,4576,1126,350,777,1127,1510,64,122,1696,22,54,76,550,960,410,812,604,3764,3971
Himachal Pradesh,2013-14,5567,4576,1126,350,777,1127,1510,64,122,1696,22,54,76,550,943,393,812,604,3764,3971
Jammu & Kashmir,2003-04,22224,3781,2023,293,289,582,125,72,142,339,12,78,90,747,1102,355,1050,825,2731,2956
Jammu & Kashmir,2004-05,22224,3781,2023,293,289,582,125,71,141,338,12,73,85,752,1102,349,1050,826,2731,2955
Jammu & Kashmir,2005-06,22224,3885,2127,293,289,582,128,72,145,345,15,82,98,734,1101,367,1048,816,2837,3069
Jammu & Kashmir,2006-07,22224,3885,2127,293,289,582,128,72,146,345,16,74,89,742,1126,385,1048,815,3837,3070
Jammu & Kashmir,2007-08,22224,4027,2269,302,289,592,126,66,147,339,26,67,93,734,1134,400,1040,801,2986,3226
Jammu & Kashmir,2008-09,22224,4027,2269,297,288,585,128,67,150,346,23,65,88,739,1137,398,1044,803,2982,3223
Jammu & Kashmir,2009-10,22224,4027,2269,306,274,580,120,63,149,333,26,84,110,735,1145,409,1058,819,2969,3208
Jammu & Kashmir,2010-11,22224,4027,2269,301,277,578,119,66,135,321,26,101,127,732,1140,408,1061,833,2966,3194
Jammu & Kashmir,2011-12,22224,4012,2254,260,312,572,123,61,135,319,13,108,121,746,1161,415,1063,855,2949,3157
Jammu & Kashmir,2012-13,22224,4012,2254,267,306,573,114,65,134,314,13,113,126,745,1162,417,1070,858,2941,3154
Jammu & Kashmir,2013-14,22224,4012,2254,267,306,573,114,65,134,313,16,114,130,741,1155,414,1070,856,2942,3156
Jharkhand,2003-04,7972,7970,2239,759,564,1323,110,83,334,527,901,1414,2315,1565,1750,184,4298,2980,3672,4990
Jharkhand,2004-05,7972,7970,2239,755,565,1319,110,83,333,526,969,1441,2410,1476,1637,161,4302,2917,3668,5053
Jharkhand,2005-06,7972,7970,2239,757,565,1321,110,83,333,526,1027,1451,2477,1406,1548,142,4299,2856,3671,5114
Jharkhand,2006-07,7972,7970,2239,758,564,1322,110,93,334,537,966,1402,2368,1504,1649,145,4299,2906,3671,5064
Jharkhand,2007-08,7972,7970,2239,754,564,1319,110,93,333,536,913,1428,2341,1536,1675,139,4302,2964,3668,5006
Jharkhand,2008-09,7972,7970,2239,764,569,1332,110,93,336,539,962,1394,2355,1504,1689,185,4289,2898,3681,5072
Jharkhand,2009-10,7972,7970,2239,764,569,1332,110,93,336,539,1045,1564,2609,1250,1399,149,4288,2814,3682,5156
Jharkhand,2010-11,7972,7970,2239,764,569,1332,110,93,336,539,1045,1729,2774,1085,1249,164,4288,2814,3682,5156
Jharkhand,2011-12,7972,7970,2239,775,564,1339,121,99,343,564,1047,1532,2578,1250,1430,180,4271,2782,3699,5189
Jharkhand,2012-13,7972,7970,2239,710,572,1281,114,102,349,565,1038,1440,2478,1406,1657,251,4336,2846,3635,5124
Jharkhand,2013-14,7972,7970,2239,706,568,1274,114,98,353,565,1063,1445,2508,1384,1672,288,4343,2829,3627,5141
Karnataka,2003-04,19179,19050,3071,1336,788,2124,947,301,419,1668,487,1854,2341,9847,11450,1604,12908,11700,6142,7350
Karnataka,2004-05,19179,19050,3070,1340,788,2128,945,297,420,1663,443,1247,1689,10499,12807,2308,12906,11746,6143,7304
Karnataka,2005-06,19179,19050,3072,1349,788,2137,936,292,419,1647,452,1233,1684,10509,13027,2517,12905,11742,6145,7308
Karnataka,2006-07,19179,19050,3072,1363,788,2151,934,292,416,1643,515,1565,2080,10105,12438,2333,12894,11670,6156,7380
Karnataka,2007-08,19179,19050,3072,1369,788,2157,930,290,415,1635,505,1262,1767,10419,12893,2474,12891,11681,6159,7369
Karnataka,2008-09,19179,19050,3072,1375,788,2163,923,290,413,1626,516,1500,2016,10174,12368,2195,12892,11673,6158,7376
Karnataka,2009-10,19179,19050,3072,1386,788,2174,914,288,413,1615,484,1301,1785,10404,12873,2469,12891,11705,6159,7344
Karnataka,2010-11,19179,19050,3072,1430,787,2217,912,286,414,1613,426,1199,1626,10523,13062,2540,12849,11722,6201,7328
Karnataka,2011-12,19179,19050,3072,1433,787,2220,908,285,413,1607,539,1672,2210,9941,12059,2118,12850,11613,6200,7437
Karnataka,2012-13,19179,19050,3073,1436,787,2222,908,283,413,1604,535,1822,2358,9793,11748,1955,12846,11615,6204,7435
Karnataka,2013-14,19179,19050,3073,1444,787,2230,906,281,411,1598,525,1700,2225,9923,12267,2344,12840,11623,6210,7427
Kerala,2003-04,3886,3885,1082,396,29,425,0,11,67,78,41,69,110,2190,2954,765,2378,2259,1507,1626
Kerala,2004-05,3886,3885,1082,430,29,459,0,10,70,81,41,69,110,2155,2996,841,2345,2224,1541,1662
Kerala,2005-06,3886,3886,1082,455,26,481,0,10,66,76,45,70,115,2132,2986,853,2323,2203,1563,1684
Kerala,2006-07,3886,3886,1082,449,26,475,0,9,90,100,47,82,129,2101,2918,816,2329,2183,1557,1703
Kerala,2007-08,3886,3886,1082,463,26,488,0,6,93,99,45,83,128,2089,2761,672,2316,2172,1570,1714
Kerala,2008-09,3886,3886,1082,475,25,500,0,6,96,102,46,68,114,2089,2695,606,2305,2157,1581,1730
Kerala,2009-10,3886,3886,1082,479,22,501,0,4,98,103,45,77,122,2079,2669,590,2303,2156,1583,1731
Kerala,2010-11,3886,3886,1082,490,20,510,0,4,92,96,52,76,128,2072,2647,576,2295,2148,1591,1739
Kerala,2011-12,3886,3886,1082,513,18,531,0,3,95,99,58,77,135,2040,2662,622,2274,2117,1613,1769
Kerala,2012-13,3886,3886,1082,508,16,525,0,3,97,100,56,77,133,2048,2592,544,2280,2125,1606,1761
Kerala,2013-14,3886,3886,1082,512,14,526,0,3,97,100,57,71,128,2051,2617,566,2279,2122,1607,1764
Madhya Pradesh,2003-04,30825,30756,8683,1925,1425,3350,1360,19,1177,2557,621,599,1220,14945,19788,4843,17362,15544,13394,15212
Madhya Pradesh,2004-05,30825,30756,8688,1924,1440,3364,1341,20,1175,2536,596,596,1192,14975,20203,5228,17362,15571,13394,15185
Madhya Pradesh,2005-06,30825,30756,8692,1946,1442,3389,1339,19,1161,2519,595,591,1185,14971,19608,4637,17337,15562,13419,15194
Madhya Pradesh,2006-07,30825,30756,8699,1992,1406,3397,1348,19,1177,2544,612,769,1381,14735,20113,5378,17312,15504,13444,15251
Madhya Pradesh,2007-08,30825,30756,8703,2012,1379,3392,1352,20,1170,2541,643,790,1433,14687,20416,5729,17310,15477,13446,15278
Madhya Pradesh,2008-09,30825,30756,8696,2050,1351,3401,1337,19,1160,2516,621,582,1202,14941,20657,5716,17322,15523,13434,15233
Madhya Pradesh,2009-10,30825,30756,8689,2091,1341,3432,1338,24,1147,2508,608,547,1155,14972,21411,6440,17298,15519,13458,15237
Madhya Pradesh,2010-11,30825,30756,8697,2089,1335,3424,1328,28,1088,2444,568,503,1072,15119,22046,6926,17307,15623,13449,15133
Madhya Pradesh,2011-12,30825,30756,8691,2119,1341,3460,1321,23,1066,2410,535,424,958,15237,22516,7280,17284,15660,13472,15096
Madhya Pradesh,2012-13,30825,30756,8693,2126,1387,3513,1286,20,1025,2331,493,375,867,15352,23130,7778,17264,15727,13492,15029
Madhya Pradesh,2013-14,30825,30756,8691,2162,1346,3507,1291,20,1008,2319,468,350,818,15422,24047,8625,17267,15772,13489,14985
Maharashtra,2003-04,30771,30758,5214,1390,1725,3115,1249,251,917,2418,1216,1364,2580,17432,22190,4758,21180,18796,9578,11962
Maharashtra,2004-05,30771,30758,5213,1393,1726,3119,1251,249,918,2417,1204,1316,2520,17490,22368,4878,21176,18806,9582,11953
Maharashtra,2005-06,30771,30758,5212,1407,1720,3127,1252,249,914,2415,1204,1327,2531,17473,22556,5083,21167,18800,9591,11958
Maharashtra,2006-07,30771,30758,5214,1412,1719,3131,1252,249,914,2415,1199,1325,2524,17475,22571,5096,21162,18800,9596,11958
Maharashtra,2007-08,30771,30758,5213,1428,1718,3146,1249,248,916,2413,1188,1327,2515,17473,22655,5183,21151,18799,9607,11959
Maharashtra,2008-09,30771,30758,5213,1433,1718,3151,1246,248,918,2411,1188,1372,2561,17422,22454,5032,21149,18795,9610,11964
Maharashtra,2009-10,30771,30758,5215,1443,1729,3172,1242,250,917,2409,1189,1373,2562,17401,22612,5211,21130,18773,9628,11985
Maharashtra,2010-11,30771,30758,5216,1449,1731,3179,1242,250,919,2412,1179,1366,2545,17406,23175,5769,21121,18772,9637,11986
Maharashtra,2011-12,30771,30758,5211,1451,1728,3179,1244,250,919,2413,1192,1378,2570,17386,22080,4694,21125,18764,9633,11994
Maharashtra,2012-13,30771,30758,5207,1456,1722,3177,1245,251,916,2412,1200,1418,2618,17344,21943,4599,21129,18762,9629,11997
Maharashtra,2013-14,30771,30758,5206,1460,1724,3184,1242,250,915,2407,1192,1401,2594,17368,23328,5960,21127,18769,9632,11989
Manipur,2003-04,2233,1994,1742,26,1,27,1,6,1,8,0,0,0,217,217,NA,224,218,1770,1777
Manipur,2004-05,2233,2015,1742,26,1,27,1,6,1,8,0,0,0,238,238,NA,245,239,1770,1777
Manipur,2005-06,2233,1969,1709,26,1,27,1,6,1,8,0,0,0,225,225,NA,232,225,1737,1744
Manipur,2006-07,2233,1969,1709,26,1,27,1,6,1,8,0,0,0,225,225,NA,232,225,1737,1744
Manipur,2007-08,2233,1999,1728,26,1,27,1,6,1,8,0,0,0,235,235,NA,242,236,1756,1763
Manipur,2008-09,2233,2000,1728,26,1,27,1,6,1,8,0,0,0,236,236,NA,243,237,1756,1763
Manipur,2009-10,2233,1997,1728,26,1,27,1,6,1,8,0,0,0,234,234,NA,240,234,1756,1763
Manipur,2010-11,2233,2111,1728,26,1,27,1,6,1,8,0,0,0,348,348,NA,355,348,1756,1763
Manipur,2011-12,2233,2128,1728,26,1,27,1,6,1,8,0,0,0,365,365,NA,372,365,1756,1763
Manipur,2012-13,2233,2072,1728,26,1,27,1,6,1,8,0,0,0,309,309,NA,316,309,1756,1763
Manipur,2013-14,2233,2111,1699,26,1,27,1,6,1,8,0,0,0,377,377,NA,384,377,1727,1734
Meghalaya,2003-04,2243,2227,951,87,128,215,NA,161,444,605,167,63,229,227,272,46,1061,289,1166,1938
Meghalaya,2004-05,2243,2227,942,90,138,228,NA,157,452,609,166,63,230,219,265,46,1057,282,1170,1945
Meghalaya,2005-06,2243,2227,942,90,137,227,NA,158,453,611,169,66,235,212,258,46,1058,278,1169,1949
Meghalaya,2006-07,2243,2227,942,91,137,228,NA,158,450,608,169,68,237,213,246,33,1057,280,1170,1947
Meghalaya,2007-08,2243,2227,944,91,136,227,NA,160,434,594,161,67,227,235,283,48,1056,302,1171,1925
Meghalaya,2008-09,2243,2227,948,91,134,226,NA,160,393,553,157,59,215,284,337,53,1053,343,1174,1884
Meghalaya,2009-10,2243,2229,946,98,133,231,NA,162,394,556,155,58,213,283,336,53,1052,341,1177,1888
Meghalaya,2010-11,2243,2235,946,105,133,238,NA,163,392,555,155,58,213,284,338,54,1052,342,1184,1894
Meghalaya,2011-12,2243,2241,946,107,132,239,NA,164,391,555,155,60,215,285,339,54,1056,345,1185,1896
Meghalaya,2012-13,2243,2241,946,108,132,239,NA,164,391,555,155,60,215,285,340,54,1056,346,1185,1896
Meghalaya,2013-14,2243,2241,946,108,131,239,NA,164,391,555,155,60,215,286,343,57,1056,346,1185,1896
Mizoram,2003-04,2108,2085,1594,125,9,134,6,15,6,27,194,38,233,98,98,NA,352,136,1733,1949
Mizoram,2004-05,2108,2076,1594,126,9,134,5,10,5,21,181,50,231,97,97,NA,343,147,1733,1929
Mizoram,2005-06,2108,1952,1594,125,9,134,5,10,5,21,82,24,106,98,98,NA,219,121,1733,1831
Mizoram,2006-07,2108,2106,1594,125,9,134,5,69,5,79,166,41,208,91,91,NA,373,133,1733,1973
Mizoram,2007-08,2108,2112,1594,125,9,134,5,67,5,77,166,45,211,96,96,NA,379,141,1733,1971
Mizoram,2008-09,2108,2080,1594,124,9,133,5,17,5,27,171,60,231,95,95,NA,348,155,1732,1925
Mizoram,2009-10,2108,2101,1585,87,8,95,5,39,7,51,181,66,247,123,123,NA,415,189,1686,1912
Mizoram,2010-11,2108,2099,1585,87,8,95,5,37,7,49,182,67,249,121,121,NA,414,187,1686,1912
Mizoram,2011-12,2108,2075,1585,87,8,95,5,41,7,53,183,61,244,97,97,NA,389,158,1686,1916
Mizoram,2012-13,2108,2094,1585,87,8,95,5,41,7,53,194,50,244,116,116,NA,408,166,1686,1927
Mizoram,2013-14,2108,2093,1585,91,8,100,5,74,7,86,161,47,208,114,114,NA,402,161,1690,1932
Nagaland,2003-04,1658,1583,863,75,NA,75,NA,122,58,179,76,84,160,305,370,65,645,389,938,1193
Nagaland,2004-05,1658,1584,863,76,NA,76,NA,121,57,178,75,82,157,309,380,71,645,391,939,1193
Nagaland,2005-06,1658,1582,863,75,NA,75,NA,120,56,177,76,82,158,309,387,78,644,391,938,1191
Nagaland,2006-07,1658,1595,863,75,NA,75,NA,120,57,177,76,82,158,322,406,84,657,405,938,1190
Nagaland,2007-08,1658,1618,863,74,4,78,NA,111,64,175,87,100,186,316,400,84,677,415,940,1202
Nagaland,2008-09,1658,1621,863,95,3,98,NA,121,60,181,89,73,163,316,402,86,659,389,961,1231
Nagaland,2009-10,1658,1621,861,87,2,89,NA,107,43,150,101,59,160,361,486,126,671,420,950,1201
Nagaland,2010-11,1658,1625,863,87,2,89,NA,103,52,155,100,55,155,362,452,90,673,417,952,1208
Nagaland,2011-12,1658,1644,863,93,2,95,NA,92,67,159,98,49,147,379,474,95,686,429,958,1216
Nagaland,2012-13,1658,1652,863,93,2,95,NA,94,70,164,99,50,150,380,489,108,694,430,958,1221
Nagaland,2013-14,1658,1652,863,93,2,95,NA,94,70,163,100,50,150,380,499,119,693,431,958,1221
Odisha,2003-04,15571,15571,5813,999,843,1842,443,482,392,1317,434,370,804,5795,8637,2842,7473,6165,8098,9406
Odisha,2004-05,15571,15571,5813,999,843,1842,443,482,392,1317,434,426,860,5739,8718,2979,7473,6165,8098,9406
Odisha,2005-06,15571,15571,5813,999,843,1842,443,482,392,1317,434,474,908,5691,8928,3237,7473,6165,8098,9406
Odisha,2006-07,15571,15571,5813,1298,840,2138,494,342,375,1211,229,526,755,5654,8960,3306,7126,6180,8445,9391
Odisha,2007-08,15571,15571,5813,1298,840,2138,494,342,375,1211,229,556,785,5624,9016,3392,7126,6180,8445,9391
Odisha,2008-09,15571,15571,5813,1298,840,2138,494,342,375,1211,229,576,805,5604,9071,3467,7126,6180,8445,9391
Odisha,2009-10,15571,15536,5814,1230,1076,2306,518,218,487,1223,573,859,1432,4761,5510,749,6898,5620,8638,9916
Odisha,2010-11,15571,15472,5814,1247,1032,2279,513,220,520,1253,567,877,1444,4682,5429,747,6866,5559,8606,9913
Odisha,2011-12,15571,15367,5814,1234,1063,2297,508,200,536,1244,622,997,1619,4394,4964,571,6749,5391,8619,9977
Odisha,2012-13,15571,15502,5814,1305,1104,2409,536,198,551,1285,659,949,1608,4386,5069,682,6743,5335,8759,10167
Odisha,2013-14,15571,15467,5814,1280,1052,2332,524,216,575,1315,634,877,1511,4495,5168,673,6797,5372,8670,10095
Punjab,2003-04,5036,5033,308,429,21,451,4,4,9,17,0,16,16,4240,7907,3666,4270,4256,763,777
Punjab,2004-05,5036,5033,299,458,25,483,5,3,9,17,0,33,33,4200,7931,3731,4245,4232,787,800
Punjab,2005-06,5036,5033,300,455,25,480,5,4,9,18,2,41,43,4192,7868,3675,4248,4233,785,800
Punjab,2006-07,5036,5033,298,477,27,504,2,4,4,10,1,35,36,4184,7861,3676,4229,4219,804,813
Punjab,2007-08,5036,5033,287,483,24,507,3,3,3,10,1,41,42,4187,7870,3683,4236,4228,797,805
Punjab,2008-09,5036,5033,295,492,24,516,7,5,3,15,0,37,37,4169,7912,3743,4215,4207,818,826
Punjab,2009-10,5036,5033,295,503,25,528,4,5,3,11,4,37,40,4158,7875,3717,4206,4195,827,838
Punjab,2010-11,5036,5033,294,508,25,533,4,4,4,12,4,33,37,4158,7883,3725,4202,4191,830,842
Punjab,2011-12,5036,5033,293,447,39,486,4,7,63,74,0,45,45,4134,7905,3771,4250,4179,783,854
Punjab,2012-13,5036,5033,262,429,51,480,5,9,62,76,6,58,64,4150,7870,3720,4286,4208,747,824
Punjab,2013-14,5036,5033,258,498,52,550,5,8,6,19,6,55,60,4145,7848,3702,4219,4200,813,833
Rajasthan,2003-04,34224,34266,2661,1760,2499,4259,1708,14,4547,6269,2407,1275,3683,17394,21664,4270,25638,18670,8628,15596
Rajasthan,2004-05,34224,34266,2661,1776,2491,4267,1709,14,4603,6325,2162,2302,4464,16549,21062,4514,25630,18851,8636,15415
Rajasthan,2005-06,34224,34266,2675,1823,2439,4262,1708,21,4590,6319,2264,1910,4174,16836,21699,4863,25621,18746,8645,15520
Rajasthan,2006-07,34224,34265,2698,1835,2427,4262,1706,20,4611,6337,2265,1939,4204,16764,21534,4770,25600,18703,8665,15562
Rajasthan,2007-08,34224,34270,2727,1847,2418,4264,1703,16,4573,6292,2167,1724,3891,17096,22208,5113,25576,18820,8694,15450
Rajasthan,2008-09,34224,34270,2728,1970,2295,4265,1699,18,4336,6052,2108,1565,3673,17551,22771,5220,25578,19117,8692,15153
Rajasthan,2009-10,34224,34270,2735,1976,2292,4268,1697,17,4475,6190,2048,2055,4103,16974,21745,4770,25569,19030,8701,15240
Rajasthan,2010-11,34224,34270,2743,1889,2379,4268,1694,21,4233,5949,1726,1235,2962,18349,26002,7653,25565,19584,8705,14686
Rajasthan,2011-12,34224,34267,2747,1884,2387,4271,1694,21,4169,5884,1855,1477,3331,18034,24505,6471,25555,19511,8712,14756
Rajasthan,2012-13,34224,34267,2750,1864,2411,4275,1694,23,4152,5870,2024,1869,3894,17479,23954,6475,25548,19348,8719,14919
Rajasthan,2013-14,34224,34267,2758,1889,2385,4274,1694,24,4000,5718,1847,1403,3250,18268,26120,7852,25542,19671,8725,14597
Sikkim,2003-04,710,688,584,6,NA,6,NA,9,3,12,4,4,8,78,121,43,98,82,590,606
Sikkim,2004-05,710,688,584,6,NA,6,NA,9,3,12,4,4,8,78,123,45,98,82,590,606
Sikkim,2005-06,710,435,326,11,NA,11,NA,8,3,11,4,5,9,78,123,45,99,83,337,352
Sikkim,2006-07,710,436,327,11,NA,11,NA,8,3,11,4,5,9,77,123,46,98,82,338,353
Sikkim,2007-08,710,444,336,11,NA,11,NA,8,3,11,4,5,9,77,118,41,98,82,346,362
Sikkim,2008-09,710,444,336,11,NA,11,NA,8,3,11,4,5,9,77,118,40,98,82,346,362
Sikkim,2009-10,710,444,336,11,NA,11,NA,8,3,11,4,5,9,77,144,67,98,82,346,362
Sikkim,2010-11,710,442,335,10,NA,10,NA,4,4,8,5,7,12,77,152,74,97,84,346,358
Sikkim,2011-12,710,443,336,10,NA,10,NA,4,4,8,5,7,12,77,137,60,97,84,346,358
Sikkim,2012-13,710,443,336,10,NA,10,NA,4,4,8,5,7,12,77,144,67,97,84,346,358
Sikkim,2013-14,710,443,336,10,NA,10,NA,4,4,8,5,7,12,77,147,70,97,84,346,358
Tamil Nadu,2003-04,13006,13027,2122,2113,509,2623,113,283,379,776,1863,954,2817,4689,5316,627,8168,5643,4858,7384
Tamil Nadu,2004-05,13006,13027,2122,2125,509,2634,114,290,374,778,1704,692,2396,5097,5889,792,8157,5789,4869,7238
Tamil Nadu,2005-06,13006,13027,2111,2139,503,2642,110,274,369,753,1518,759,2277,5244,6033,789,8164,6003,4863,7024
Tamil Nadu,2006-07,13006,13027,2106,2160,502,2662,110,268,354,733,1493,907,2400,5126,5843,717,8148,6033,4879,6994
Tamil Nadu,2007-08,13006,13027,2106,2169,492,2661,110,261,347,718,1499,981,2479,5062,5815,753,8149,6043,4877,6984
Tamil Nadu,2008-09,13006,13027,2106,2173,492,2665,110,259,333,702,1498,1013,2511,5043,5824,781,8146,6056,4880,6970
Tamil Nadu,2009-10,13006,13033,2127,2176,490,2666,110,253,326,689,1542,1117,2659,4892,5572,680,8131,6009,4903,7024
Tamil Nadu,2010-11,13006,13033,2125,2177,489,2666,110,252,331,693,1580,1015,2595,4954,5753,799,8132,5969,4901,7065
Tamil Nadu,2011-12,13006,13033,2125,2181,489,2669,110,252,329,691,1594,967,2561,4986,5890,904,8129,5953,4904,7080
Tamil Nadu,2012-13,13006,13033,2125,2184,489,2672,110,250,328,687,1696,1308,3004,4544,5140,596,8126,5852,4907,7181
Tamil Nadu,2013-14,13006,13033,2125,2190,488,2678,110,245,328,683,1718,1115,2833,4714,5897,1184,8120,5829,4913,7204
Telangana,2013-14,11487,11484,2743,895,615,1510,302,114,178,593,717,930,1677,4961,6288,1327,6929,5921,4555,5563
Tripura,2003-04,1049,1049,606,133,NA,133,NA,26,1,26,1,3,4,280,283,3,310,283,739,766
Tripura,2004-05,1049,1049,606,134,NA,134,NA,25,1,25,1,3,4,280,281,1,309,283,740,766
Tripura,2005-06,1049,1050,606,133,NA,133,NA,27,1,27,1,3,4,280,280,0,311,283,739,767
Tripura,2006-07,1049,1049,629,139,NA,139,4,14,4,22,1,3,4,255,276,21,277,258,772,791
Tripura,2007-08,1049,1051,629,139,NA,139,3,14,3,21,2,4,6,255,276,21,279,259,772,792
Tripura,2008-09,1049,1049,629,139,NA,139,3,14,4,21,2,3,4,256,263,8,278,258,771,791
Tripura,2009-10,1049,1049,629,141,NA,141,2,14,4,20,2,2,4,256,267,11,277,258,772,792
Tripura,2010-11,1049,1049,629,142,NA,142,2,14,4,19,2,2,3,255,350,94,276,257,773,792
Tripura,2011-12,1049,1049,629,143,NA,143,2,13,3,18,2,1,3,255,371,115,275,257,775,792
Tripura,2012-13,1049,1049,629,144,NA,144,2,12,3,17,2,1,3,255,368,113,274,257,776,793
Tripura,2013-14,1049,1049,629,145,NA,145,1,12,3,16,2,2,3,255,383,128,273,257,776,793
Uttarakhand,2003-04,5348,5668,3465,152,311,463,229,251,386,866,71,43,114,761,1222,461,1511,804,4157,4865
Uttarakhand,2004-05,5348,5670,3465,152,312,464,229,249,386,864,68,42,110,767,1235,468,1512,808,4158,4862
Uttarakhand,2005-06,5348,5666,3465,154,313,467,230,249,384,863,62,42,104,768,1212,445,1504,809,4162,4856
Uttarakhand,2006-07,5348,5667,3465,161,312,472,220,269,367,856,64,44,108,765,1210,445,1509,809,4158,4858
Uttarakhand,2007-08,5348,5673,3484,217,224,441,199,384,302,885,72,36,108,755,1187,432,1549,791,4123,4882
Uttarakhand,2008-09,5348,5673,3486,217,224,441,199,384,303,886,71,35,106,754,1193,439,1547,789,4126,4884
Uttarakhand,2009-10,5348,5672,3485,216,225,441,198,383,309,891,82,37,119,737,1166,430,1548,773,4124,4899
Uttarakhand,2010-11,5348,5673,3485,218,225,442,199,386,310,894,84,43,128,723,1170,447,1547,766,4126,4906
Uttarakhand,2011-12,5348,5673,3485,218,225,443,199,386,311,895,87,48,135,714,1132,418,1546,763,4126,4910
Uttarakhand,2012-13,5348,5673,3485,221,228,449,192,390,315,897,86,51,136,706,1124,418,1547,757,4126,4916
Uttarakhand,2013-14,5348,5992,3800,222,228,450,192,389,317,898,86,57,143,701,1099,398,1550,758,4442,5234
Uttar Pradesh,2003-04,24093,24201,1686,2594,548,3143,66,359,468,892,594,1137,1731,16750,25425,8675,19307,17887,4894,6315
Uttar Pradesh,2004-05,24093,24201,1688,2649,530,3178,64,344,454,862,574,1217,1791,16683,25524,8841,19272,17900,4930,6301
Uttar Pradesh,2005-06,24093,24201,1654,2700,515,3215,65,376,439,879,550,1270,1820,16633,25307,8674,19268,17903,4933,6298
Uttar Pradesh,2006-07,24093,24170,1657,2729,507,3236,64,373,440,877,542,1285,1827,16573,25415,8841,19213,17858,4958,6312
Uttar Pradesh,2007-08,24093,24170,1658,2761,507,3268,65,374,440,879,540,1408,1948,16417,25320,8903,19179,17825,4991,6345
Uttar Pradesh,2008-09,24093,24170,1662,2779,499,3278,65,365,437,867,539,1263,1802,16562,25471,8909,19166,17825,5005,6345
Uttar Pradesh,2009-10,24093,24170,1662,2801,494,3295,65,360,431,856,537,1232,1769,16589,25440,8851,19148,17821,5022,6350
Uttar Pradesh,2010-11,24093,24170,1658,2835,486,3321,66,354,426,846,538,1215,1753,16593,25615,9022,19126,17808,5045,6363
Uttar Pradesh,2011-12,24093,24170,1656,2893,457,3350,66,350,420,836,533,1173,1705,16623,25939,9316,19099,17796,5072,6375
Uttar Pradesh,2012-13,24093,24170,1658,2893,479,3371,66,350,423,839,537,1201,1739,16564,25821,9257,19075,17765,5095,6406
Uttar Pradesh,2013-14,24093,24170,1658,3027,469,3491,65,325,410,801,539,1135,1674,16546,25896,9350,18955,17681,5215,6489
West Bengal,2003-04,8875,8688,1171,1609,27,1636,5,58,34,97,22,333,355,5428,9661,4234,5876,5761,2812,2926
West Bengal,2004-05,8875,8687,1175,1674,26,1700,5,59,36,99,25,314,339,5374,9523,4149,5808,5688,2879,2999
West Bengal,2005-06,8875,8683,1175,1728,25,1753,6,63,43,111,30,319,349,5295,9533,4238,5749,5614,2934,3069
West Bengal,2006-07,8875,8684,1174,1733,21,1754,5,58,34,97,22,341,363,5296,9635,4339,5751,5637,2933,3047
West Bengal,2007-08,8875,8684,1174,1762,22,1783,6,61,33,100,20,311,331,5296,9752,4456,5721,5607,2963,3078
West Bengal,2008-09,8875,8684,1174,1793,21,1814,7,55,32,94,22,287,309,5294,9802,4507,5689,5581,2995,3103
West Bengal,2009-10,8875,8684,1174,1799,22,1820,6,55,31,92,20,323,342,5256,9530,4274,5684,5579,3000,3106
West Bengal,2010-11,8875,8684,1174,1823,17,1840,5,53,29,87,18,584,602,4981,8832,3851,5666,5565,3018,3119
West Bengal,2011-12,8875,8684,1174,1794,15,1810,4,52,31,86,18,399,417,5198,9353,4155,5697,5597,2987,3087
West Bengal,2012-13,8875,8684,1174,1822,13,1834,3,50,24,76,15,379,395,5205,9459,4254,5673,5584,3011,3100
West Bengal,2013-14,8875,8684,1174,1834,11,1846,2,49,18,69,12,349,362,5234,9618,4385,5662,5583,3022,3101
Andman & Nicobar Island,2003-04,825,795,717,21,3,24,6,18,12,37,3,1,4,13,15,2,47,14,748,781
Andman & Nicobar Island,2004-05,825,795,717,22,3,25,6,18,12,37,3,1,4,13,14,1,47,14,748,781
Andman & Nicobar Island,2005-06,825,795,717,22,3,24,6,18,12,37,3,1,4,13,14,1,47,14,748,781
Andman & Nicobar Island,2006-07,825,795,717,22,3,24,6,18,12,37,3,1,4,13,14,2,47,14,748,781
Andman & Nicobar Island,2007-08,825,757,717,8,2,10,4,4,3,11,3,2,5,15,16,2,26,16,731,741
Andman & Nicobar Island,2008-09,825,759,717,9,2,11,5,4,3,11,3,3,6,14,16,2,27,17,733,742
Andman & Nicobar Island,2009-10,825,757,717,7,2,9,4,4,3,11,3,3,6,15,17,2,28,17,730,740
Andman & Nicobar Island,2010-11,825,757,717,7,2,9,4,4,3,11,3,3,6,15,19,4,28,17,730,740
Andman & Nicobar Island,2011-12,825,757,717,7,2,9,4,4,3,11,3,3,6,15,18,3,28,17,730,740
Andman & Nicobar Island,2012-13,825,757,717,7,2,9,4,4,3,11,3,3,6,15,25,10,28,17,730,740
Andman & Nicobar Island,2013-14,825,757,717,7,2,9,4,4,3,11,3,3,6,15,24,10,28,17,730,740
Chandigarh,2003-04,11,7,0,5,NA,5,NA,0,NA,0,0,0,0,1,2,1,2,1,5,6
Chandigarh,2004-05,11,7,0,5,NA,5,NA,0,NA,0,0,0,0,1,2,1,2,1,5,6
Chandigarh,2005-06,11,7,0,5,NA,5,NA,0,NA,0,0,0,0,1,2,1,2,1,5,6
Chandigarh,2006-07,11,7,0,5,NA,5,NA,0,NA,0,0,0,0,1,2,1,2,1,5,6
Chandigarh,2007-08,11,7,0,5,NA,5,NA,0,NA,0,0,0,0,1,2,1,2,1,5,6
Chandigarh,2008-09,11,7,0,5,NA,5,NA,0,NA,0,0,0,0,1,2,1,2,1,5,6
Chandigarh,2009-10,11,7,0,5,NA,5,NA,0,NA,0,0,0,0,1,2,1,2,1,5,6
Chandigarh,2010-11,11,7,0,5,NA,5,NA,0,NA,0,0,0,0,1,2,1,2,1,5,6
Chandigarh,2011-12,11,7,0,5,NA,5,NA,0,NA,0,0,0,0,1,2,1,2,1,5,6
Chandigarh,2012-13,11,7,0,5,NA,5,NA,0,NA,0,0,0,0,1,2,1,2,1,5,6
Chandigarh,2013-14,11,7,0,5,NA,5,NA,0,NA,0,0,0,0,1,2,1,2,1,5,6
Dadar & Nagar Haveli,2003-04,49,49,20,4,0,4,1,NA,0,1,1,1,2,22,30,7,24,24,25,25
Dadar & Nagar Haveli,2004-05,49,49,20,4,0,4,1,NA,0,1,1,1,1,23,29,6,24,24,25,25
Dadar & Nagar Haveli,2005-06,49,49,20,4,0,4,1,NA,0,1,1,1,2,22,28,6,24,23,25,25
Dadar & Nagar Haveli,2006-07,49,49,20,4,0,4,1,NA,0,1,1,2,3,21,29,8,24,23,25,25
Dadar & Nagar Haveli,2007-08,49,49,20,4,0,4,1,NA,0,1,2,2,4,20,27,7,24,23,25,26
Dadar & Nagar Haveli,2008-09,49,49,20,4,0,4,1,NA,0,1,2,2,4,20,26,6,24,22,25,26
Dadar & Nagar Haveli,2009-10,49,49,20,4,0,4,1,NA,0,1,4,2,6,18,23,5,24,20,25,29
Dadar & Nagar Haveli,2010-11,49,49,20,4,0,4,1,NA,0,1,4,2,6,17,22,4,24,20,25,29
Dadar & Nagar Haveli,2011-12,49,49,20,4,0,4,1,NA,0,1,1,2,3,20,25,4,24,22,25,27
Dadar & Nagar Haveli,2012-13,49,49,20,4,0,4,1,NA,0,1,2,2,3,20,24,4,24,22,25,27
Dadar & Nagar Haveli,2013-14,49,49,20,4,0,4,1,NA,0,1,2,2,4,19,23,4,24,21,25,28
Daman & Diu,2003-04,11,3,NA,0,NA,0,NA,0,0,0,0,0,0,2,2,NA,3,2,0,0
Daman & Diu,2004-05,11,3,NA,0,NA,0,NA,0,0,0,0,0,0,2,2,NA,3,2,0,0
Daman & Diu,2005-06,11,3,NA,0,NA,0,NA,0,0,0,0,0,0,2,2,NA,3,2,0,0
Daman & Diu,2006-07,11,3,NA,0,NA,0,NA,0,0,0,0,0,0,2,2,NA,3,2,0,0
Daman & Diu,2007-08,11,3,NA,0,NA,0,NA,0,0,0,0,0,0,2,2,NA,3,2,0,0
Daman & Diu,2008-09,11,4,NA,0,NA,0,0,0,0,1,0,0,0,3,3,NA,4,3,0,1
Daman & Diu,2009-10,11,4,NA,0,NA,0,0,0,0,1,0,0,0,3,3,NA,4,3,0,1
Daman & Diu,2010-11,11,4,NA,0,NA,0,0,0,0,1,0,0,0,3,3,NA,4,3,0,1
Daman & Diu,2011-12,11,4,NA,0,NA,0,0,0,0,1,0,0,0,3,3,NA,4,3,0,1
Daman & Diu,2012-13,11,3,NA,0,NA,0,NA,0,0,0,0,0,0,3,3,1,3,3,0,0
Daman & Diu,2013-14,11,3,NA,0,NA,0,NA,0,0,0,0,0,0,3,3,1,3,3,0,0
Delhi,2003-04,148,147,1,75,14,89,0,1,10,11,7,12,19,27,44,18,57,39,90,109
Delhi,2004-05,148,147,1,74,14,88,0,1,10,11,7,12,19,28,46,19,58,39,90,108
Delhi,2005-06,148,147,1,74,14,88,0,1,10,11,8,12,19,28,44,16,58,39,90,108
Delhi,2006-07,148,147,1,76,16,92,0,1,10,11,8,12,19,23,43,20,54,35,94,112
Delhi,2007-08,148,147,1,76,16,92,0,1,10,11,8,12,20,23,44,21,54,35,93,113
Delhi,2008-09,148,147,1,76,16,92,0,1,10,11,8,12,20,23,43,20,53,35,94,113
Delhi,2009-10,148,147,1,76,16,93,0,1,10,11,8,12,20,22,46,23,53,34,94,113
Delhi,2010-11,148,147,1,76,16,93,0,1,10,11,8,12,20,22,44,22,53,34,94,113
Delhi,2011-12,148,147,1,75,18,93,0,1,10,11,8,12,20,22,40,18,53,34,95,114
Delhi,2012-13,148,147,1,75,18,93,0,1,10,11,8,12,20,22,48,26,53,34,95,114
Delhi,2013-14,148,147,1,75,18,93,0,1,10,11,8,12,20,22,35,13,53,34,95,114
Lakshadweep,2003-04,3,3,NA,0,NA,0,NA,NA,NA,NA,NA,NA,NA,3,3,0,3,3,0,0
Lakshadweep,2004-05,3,3,NA,0,NA,0,NA,NA,NA,NA,NA,NA,NA,3,3,0,3,3,0,0
Lakshadweep,2005-06,3,3,NA,1,NA,1,NA,NA,NA,NA,NA,NA,NA,2,3,0,2,2,1,1
Lakshadweep,2006-07,3,3,NA,1,NA,1,NA,NA,NA,NA,NA,NA,NA,2,3,0,2,2,1,1
Lakshadweep,2007-08,3,3,NA,1,NA,1,NA,NA,NA,NA,NA,NA,NA,2,3,0,2,2,1,1
Lakshadweep,2008-09,3,3,NA,1,NA,1,NA,NA,NA,NA,NA,NA,NA,2,3,0,2,2,1,1
Lakshadweep,2009-10,3,3,NA,1,NA,1,NA,NA,NA,NA,NA,NA,NA,2,3,0,2,2,1,1
Lakshadweep,2010-11,3,3,NA,1,NA,1,NA,NA,NA,NA,NA,NA,NA,2,3,1,2,2,1,1
Lakshadweep,2011-12,3,3,NA,1,NA,1,NA,NA,NA,NA,NA,NA,NA,2,3,1,2,2,1,1
Lakshadweep,2012-13,3,3,NA,1,NA,1,NA,NA,NA,NA,NA,NA,NA,2,3,1,2,2,1,1
Lakshadweep,2013-14,3,3,NA,1,NA,1,NA,NA,NA,NA,NA,NA,NA,2,3,1,2,2,1,1
Puducherry,2003-04,48,49,NA,17,0,17,NA,1,4,5,2,3,6,21,37,17,31,24,17,25
Puducherry,2004-05,48,49,NA,17,0,17,0,1,4,5,3,3,5,21,39,18,31,24,17,25
Puducherry,2005-06,48,49,NA,18,0,18,NA,1,4,5,3,2,5,21,36,16,31,23,18,26
Puducherry,2006-07,48,49,NA,18,0,18,NA,1,4,5,3,2,5,20,36,15,31,23,18,26
Puducherry,2007-08,48,49,NA,18,0,18,NA,1,4,6,2,3,5,20,35,15,30,22,18,26
Puducherry,2008-09,48,49,NA,18,0,18,NA,1,4,6,2,3,5,19,33,14,30,22,18,26
Puducherry,2009-10,48,49,NA,18,0,19,NA,1,4,6,3,3,6,19,32,13,30,22,19,27
Puducherry,2010-11,48,49,NA,19,0,19,NA,1,5,6,2,3,6,19,31,13,30,22,19,27
Puducherry,2011-12,48,49,0,18,0,18,NA,1,5,6,2,4,6,18,27,9,30,22,19,27
Puducherry,2012-13,48,49,0,19,0,19,NA,1,5,6,2,5,8,16,26,10,30,21,19,27
Puducherry,2013-14,48,49,0,19,0,19,NA,1,5,6,3,6,8,15,25,10,30,21,19,27
